location,date,value
01,2021-01-02,25
01,2021-01-09,40
01,2021-01-16,40
01,2021-01-23,38
01,2021-01-30,45
01,2021-02-06,28
01,2021-02-13,27
01,2021-02-20,19
01,2021-02-27,41
01,2021-03-06,20
01,2021-03-13,19
01,2021-03-20,22
01,2021-03-27,17
01,2021-04-03,11
01,2021-04-10,18
01,2021-04-17,19
01,2021-04-24,32
01,2021-05-01,19
01,2021-05-08,9
01,2021-05-15,19
01,2021-05-22,15
01,2021-05-29,16
01,2021-06-05,20
01,2021-06-12,19
01,2021-06-19,20
01,2021-06-26,13
01,2021-07-03,18
01,2021-07-10,14
01,2021-07-17,18
01,2021-07-24,20
01,2021-07-31,31
01,2021-08-07,21
01,2021-08-14,18
01,2021-08-21,28
01,2021-08-28,22
01,2021-09-04,33
01,2021-09-11,27
01,2021-09-18,22
01,2021-09-25,19
01,2021-10-02,11
01,2021-10-09,18
01,2021-10-16,11
01,2021-10-23,11
01,2021-10-30,14
01,2021-11-06,8
01,2021-11-13,23
01,2021-11-20,29
01,2021-11-27,19
01,2021-12-04,32
01,2021-12-11,23
01,2021-12-18,34
01,2021-12-25,20
01,2022-01-01,60
01,2022-01-08,25
01,2022-01-15,33
01,2022-01-22,22
01,2022-01-29,18
01,2022-02-05,17
01,2022-02-12,12
01,2022-02-19,20
01,2022-02-26,14
01,2022-03-05,35
01,2022-03-12,30
01,2022-03-19,30
01,2022-03-26,25
01,2022-04-02,32
01,2022-04-09,29
01,2022-04-16,19
01,2022-04-23,30
01,2022-04-30,13
01,2022-05-07,25
01,2022-05-14,15
01,2022-05-21,12
01,2022-05-28,22
01,2022-06-04,19
01,2022-06-11,18
01,2022-06-18,17
01,2022-06-25,14
01,2022-07-02,10
01,2022-07-09,24
01,2022-07-16,21
01,2022-07-23,10
01,2022-07-30,19
01,2022-08-06,12
01,2022-08-13,19
01,2022-08-20,11
01,2022-08-27,19
01,2022-09-03,21
01,2022-09-10,11
01,2022-09-17,17
01,2022-09-24,20
01,2022-10-01,24
01,2022-10-08,41
01,2022-10-15,86
01,2022-10-22,141
01,2022-10-29,262
01,2022-11-05,360
01,2022-11-12,303
01,2022-11-19,226
01,2022-11-26,261
01,2022-12-03,351
01,2022-12-10,223
01,2022-12-17,142
01,2022-12-24,122
01,2022-12-31,127
02,2021-01-02,0
02,2021-01-09,0
02,2021-01-16,0
02,2021-01-23,0
02,2021-01-30,0
02,2021-02-06,0
02,2021-02-13,0
02,2021-02-20,0
02,2021-02-27,0
02,2021-03-06,0
02,2021-03-13,0
02,2021-03-20,0
02,2021-03-27,0
02,2021-04-03,0
02,2021-04-10,0
02,2021-04-17,4
02,2021-04-24,7
02,2021-05-01,7
02,2021-05-08,7
02,2021-05-15,7
02,2021-05-22,7
02,2021-05-29,8
02,2021-06-05,7
02,2021-06-12,7
02,2021-06-19,7
02,2021-06-26,7
02,2021-07-03,7
02,2021-07-10,7
02,2021-07-17,7
02,2021-07-24,8
02,2021-07-31,7
02,2021-08-07,7
02,2021-08-14,7
02,2021-08-21,7
02,2021-08-28,7
02,2021-09-04,7
02,2021-09-11,7
02,2021-09-18,7
02,2021-09-25,7
02,2021-10-02,4
02,2021-10-09,0
02,2021-10-16,0
02,2021-10-23,1
02,2021-10-30,0
02,2021-11-06,0
02,2021-11-13,0
02,2021-11-20,0
02,2021-11-27,0
02,2021-12-04,0
02,2021-12-11,0
02,2021-12-18,2
02,2021-12-25,7
02,2022-01-01,8
02,2022-01-08,3
02,2022-01-15,15
02,2022-01-22,12
02,2022-01-29,1
02,2022-02-05,1
02,2022-02-12,0
02,2022-02-19,0
02,2022-02-26,1
02,2022-03-05,0
02,2022-03-12,2
02,2022-03-19,1
02,2022-03-26,3
02,2022-04-02,0
02,2022-04-09,2
02,2022-04-16,2
02,2022-04-23,1
02,2022-04-30,3
02,2022-05-07,4
02,2022-05-14,5
02,2022-05-21,17
02,2022-05-28,3
02,2022-06-04,2
02,2022-06-11,6
02,2022-06-18,1
02,2022-06-25,3
02,2022-07-02,2
02,2022-07-09,3
02,2022-07-16,0
02,2022-07-23,0
02,2022-07-30,0
02,2022-08-06,0
02,2022-08-13,1
02,2022-08-20,1
02,2022-08-27,1
02,2022-09-03,0
02,2022-09-10,5
02,2022-09-17,0
02,2022-09-24,0
02,2022-10-01,2
02,2022-10-08,3
02,2022-10-15,2
02,2022-10-22,3
02,2022-10-29,14
02,2022-11-05,10
02,2022-11-12,20
02,2022-11-19,38
02,2022-11-26,66
02,2022-12-03,58
02,2022-12-10,77
02,2022-12-17,50
02,2022-12-24,44
02,2022-12-31,55
04,2021-01-02,20
04,2021-01-09,18
04,2021-01-16,27
04,2021-01-23,10
04,2021-01-30,12
04,2021-02-06,14
04,2021-02-13,7
04,2021-02-20,15
04,2021-02-27,10
04,2021-03-06,29
04,2021-03-13,10
04,2021-03-20,14
04,2021-03-27,5
04,2021-04-03,11
04,2021-04-10,6
04,2021-04-17,7
04,2021-04-24,3
04,2021-05-01,21
04,2021-05-08,8
04,2021-05-15,13
04,2021-05-22,3
04,2021-05-29,6
04,2021-06-05,13
04,2021-06-12,3
04,2021-06-19,9
04,2021-06-26,3
04,2021-07-03,13
04,2021-07-10,1
04,2021-07-17,5
04,2021-07-24,5
04,2021-07-31,4
04,2021-08-07,4
04,2021-08-14,18
04,2021-08-21,12
04,2021-08-28,7
04,2021-09-04,8
04,2021-09-11,3
04,2021-09-18,4
04,2021-09-25,2
04,2021-10-02,13
04,2021-10-09,27
04,2021-10-16,28
04,2021-10-23,4
04,2021-10-30,8
04,2021-11-06,10
04,2021-11-13,11
04,2021-11-20,11
04,2021-11-27,18
04,2021-12-04,33
04,2021-12-11,30
04,2021-12-18,44
04,2021-12-25,68
04,2022-01-01,149
04,2022-01-08,79
04,2022-01-15,37
04,2022-01-22,27
04,2022-01-29,39
04,2022-02-05,38
04,2022-02-12,63
04,2022-02-19,66
04,2022-02-26,72
04,2022-03-05,91
04,2022-03-12,85
04,2022-03-19,113
04,2022-03-26,131
04,2022-04-02,108
04,2022-04-09,112
04,2022-04-16,101
04,2022-04-23,147
04,2022-04-30,162
04,2022-05-07,176
04,2022-05-14,212
04,2022-05-21,237
04,2022-05-28,196
04,2022-06-04,204
04,2022-06-11,87
04,2022-06-18,52
04,2022-06-25,41
04,2022-07-02,13
04,2022-07-09,15
04,2022-07-16,13
04,2022-07-23,19
04,2022-07-30,21
04,2022-08-06,11
04,2022-08-13,11
04,2022-08-20,18
04,2022-08-27,16
04,2022-09-03,16
04,2022-09-10,5
04,2022-09-17,7
04,2022-09-24,9
04,2022-10-01,10
04,2022-10-08,18
04,2022-10-15,14
04,2022-10-22,22
04,2022-10-29,34
04,2022-11-05,84
04,2022-11-12,153
04,2022-11-19,339
04,2022-11-26,612
04,2022-12-03,821
04,2022-12-10,759
04,2022-12-17,563
04,2022-12-24,609
04,2022-12-31,655
05,2021-01-02,23
05,2021-01-09,26
05,2021-01-16,30
05,2021-01-23,10
05,2021-01-30,25
05,2021-02-06,21
05,2021-02-13,27
05,2021-02-20,12
05,2021-02-27,15
05,2021-03-06,19
05,2021-03-13,22
05,2021-03-20,14
05,2021-03-27,17
05,2021-04-03,10
05,2021-04-10,20
05,2021-04-17,26
05,2021-04-24,24
05,2021-05-01,15
05,2021-05-08,6
05,2021-05-15,4
05,2021-05-22,8
05,2021-05-29,12
05,2021-06-05,7
05,2021-06-12,7
05,2021-06-19,4
05,2021-06-26,3
05,2021-07-03,1
05,2021-07-10,2
05,2021-07-17,0
05,2021-07-24,4
05,2021-07-31,6
05,2021-08-07,5
05,2021-08-14,3
05,2021-08-21,8
05,2021-08-28,7
05,2021-09-04,5
05,2021-09-11,2
05,2021-09-18,5
05,2021-09-25,4
05,2021-10-02,3
05,2021-10-09,4
05,2021-10-16,8
05,2021-10-23,7
05,2021-10-30,3
05,2021-11-06,10
05,2021-11-13,11
05,2021-11-20,9
05,2021-11-27,10
05,2021-12-04,15
05,2021-12-11,11
05,2021-12-18,14
05,2021-12-25,15
05,2022-01-01,33
05,2022-01-08,42
05,2022-01-15,34
05,2022-01-22,21
05,2022-01-29,18
05,2022-02-05,23
05,2022-02-12,24
05,2022-02-19,32
05,2022-02-26,42
05,2022-03-05,58
05,2022-03-12,62
05,2022-03-19,67
05,2022-03-26,89
05,2022-04-02,59
05,2022-04-09,83
05,2022-04-16,50
05,2022-04-23,37
05,2022-04-30,32
05,2022-05-07,23
05,2022-05-14,22
05,2022-05-21,16
05,2022-05-28,16
05,2022-06-04,21
05,2022-06-11,20
05,2022-06-18,13
05,2022-06-25,16
05,2022-07-02,11
05,2022-07-09,6
05,2022-07-16,21
05,2022-07-23,14
05,2022-07-30,5
05,2022-08-06,8
05,2022-08-13,7
05,2022-08-20,4
05,2022-08-27,3
05,2022-09-03,8
05,2022-09-10,6
05,2022-09-17,4
05,2022-09-24,8
05,2022-10-01,10
05,2022-10-08,21
05,2022-10-15,40
05,2022-10-22,50
05,2022-10-29,84
05,2022-11-05,141
05,2022-11-12,212
05,2022-11-19,218
05,2022-11-26,435
05,2022-12-03,468
05,2022-12-10,331
05,2022-12-17,234
05,2022-12-24,189
05,2022-12-31,217
06,2021-01-02,56
06,2021-01-09,83
06,2021-01-16,46
06,2021-01-23,44
06,2021-01-30,20
06,2021-02-06,19
06,2021-02-13,24
06,2021-02-20,19
06,2021-02-27,24
06,2021-03-06,16
06,2021-03-13,18
06,2021-03-20,13
06,2021-03-27,13
06,2021-04-03,5
06,2021-04-10,9
06,2021-04-17,10
06,2021-04-24,19
06,2021-05-01,9
06,2021-05-08,15
06,2021-05-15,8
06,2021-05-22,12
06,2021-05-29,13
06,2021-06-05,7
06,2021-06-12,4
06,2021-06-19,9
06,2021-06-26,15
06,2021-07-03,5
06,2021-07-10,9
06,2021-07-17,14
06,2021-07-24,8
06,2021-07-31,10
06,2021-08-07,16
06,2021-08-14,12
06,2021-08-21,6
06,2021-08-28,8
06,2021-09-04,7
06,2021-09-11,8
06,2021-09-18,6
06,2021-09-25,15
06,2021-10-02,12
06,2021-10-09,14
06,2021-10-16,10
06,2021-10-23,17
06,2021-10-30,8
06,2021-11-06,19
06,2021-11-13,19
06,2021-11-20,25
06,2021-11-27,28
06,2021-12-04,54
06,2021-12-11,66
06,2021-12-18,70
06,2021-12-25,118
06,2022-01-01,97
06,2022-01-08,93
06,2022-01-15,81
06,2022-01-22,64
06,2022-01-29,30
06,2022-02-05,32
06,2022-02-12,34
06,2022-02-19,18
06,2022-02-26,34
06,2022-03-05,32
06,2022-03-12,45
06,2022-03-19,57
06,2022-03-26,63
06,2022-04-02,84
06,2022-04-09,106
06,2022-04-16,100
06,2022-04-23,165
06,2022-04-30,218
06,2022-05-07,202
06,2022-05-14,308
06,2022-05-21,386
06,2022-05-28,405
06,2022-06-04,453
06,2022-06-11,397
06,2022-06-18,304
06,2022-06-25,238
06,2022-07-02,192
06,2022-07-09,122
06,2022-07-16,102
06,2022-07-23,64
06,2022-07-30,46
06,2022-08-06,39
06,2022-08-13,38
06,2022-08-20,39
06,2022-08-27,33
06,2022-09-03,35
06,2022-09-10,29
06,2022-09-17,24
06,2022-09-24,35
06,2022-10-01,72
06,2022-10-08,93
06,2022-10-15,97
06,2022-10-22,124
06,2022-10-29,211
06,2022-11-05,456
06,2022-11-12,928
06,2022-11-19,1616
06,2022-11-26,2790
06,2022-12-03,3138
06,2022-12-10,2275
06,2022-12-17,1576
06,2022-12-24,1577
06,2022-12-31,1383
08,2021-01-02,5
08,2021-01-09,0
08,2021-01-16,4
08,2021-01-23,6
08,2021-01-30,5
08,2021-02-06,1
08,2021-02-13,1
08,2021-02-20,1
08,2021-02-27,1
08,2021-03-06,8
08,2021-03-13,1
08,2021-03-20,5
08,2021-03-27,1
08,2021-04-03,0
08,2021-04-10,1
08,2021-04-17,0
08,2021-04-24,1
08,2021-05-01,0
08,2021-05-08,0
08,2021-05-15,5
08,2021-05-22,6
08,2021-05-29,1
08,2021-06-05,0
08,2021-06-12,0
08,2021-06-19,0
08,2021-06-26,0
08,2021-07-03,1
08,2021-07-10,5
08,2021-07-17,0
08,2021-07-24,1
08,2021-07-31,2
08,2021-08-07,4
08,2021-08-14,2
08,2021-08-21,3
08,2021-08-28,3
08,2021-09-04,5
08,2021-09-11,1
08,2021-09-18,4
08,2021-09-25,3
08,2021-10-02,0
08,2021-10-09,6
08,2021-10-16,1
08,2021-10-23,4
08,2021-10-30,4
08,2021-11-06,6
08,2021-11-13,4
08,2021-11-20,4
08,2021-11-27,4
08,2021-12-04,18
08,2021-12-11,30
08,2021-12-18,41
08,2021-12-25,53
08,2022-01-01,63
08,2022-01-08,27
08,2022-01-15,29
08,2022-01-22,9
08,2022-01-29,11
08,2022-02-05,20
08,2022-02-12,27
08,2022-02-19,22
08,2022-02-26,27
08,2022-03-05,25
08,2022-03-12,42
08,2022-03-19,60
08,2022-03-26,94
08,2022-04-02,117
08,2022-04-09,105
08,2022-04-16,146
08,2022-04-23,187
08,2022-04-30,168
08,2022-05-07,260
08,2022-05-14,171
08,2022-05-21,110
08,2022-05-28,91
08,2022-06-04,72
08,2022-06-11,33
08,2022-06-18,27
08,2022-06-25,9
08,2022-07-02,14
08,2022-07-09,11
08,2022-07-16,11
08,2022-07-23,8
08,2022-07-30,9
08,2022-08-06,14
08,2022-08-13,8
08,2022-08-20,11
08,2022-08-27,1
08,2022-09-03,1
08,2022-09-10,3
08,2022-09-17,3
08,2022-09-24,4
08,2022-10-01,3
08,2022-10-08,1
08,2022-10-15,5
08,2022-10-22,15
08,2022-10-29,32
08,2022-11-05,32
08,2022-11-12,61
08,2022-11-19,114
08,2022-11-26,157
08,2022-12-03,160
08,2022-12-10,243
08,2022-12-17,255
08,2022-12-24,350
08,2022-12-31,311
09,2021-01-02,1
09,2021-01-09,1
09,2021-01-16,1
09,2021-01-23,0
09,2021-01-30,0
09,2021-02-06,0
09,2021-02-13,0
09,2021-02-20,0
09,2021-02-27,0
09,2021-03-06,0
09,2021-03-13,0
09,2021-03-20,0
09,2021-03-27,0
09,2021-04-03,0
09,2021-04-10,0
09,2021-04-17,0
09,2021-04-24,0
09,2021-05-01,0
09,2021-05-08,1
09,2021-05-15,0
09,2021-05-22,0
09,2021-05-29,0
09,2021-06-05,0
09,2021-06-12,0
09,2021-06-19,0
09,2021-06-26,0
09,2021-07-03,0
09,2021-07-10,0
09,2021-07-17,0
09,2021-07-24,0
09,2021-07-31,1
09,2021-08-07,0
09,2021-08-14,0
09,2021-08-21,0
09,2021-08-28,0
09,2021-09-04,0
09,2021-09-11,0
09,2021-09-18,0
09,2021-09-25,0
09,2021-10-02,0
09,2021-10-09,0
09,2021-10-16,0
09,2021-10-23,0
09,2021-10-30,0
09,2021-11-06,0
09,2021-11-13,0
09,2021-11-20,2
09,2021-11-27,3
09,2021-12-04,14
09,2021-12-11,16
09,2021-12-18,16
09,2021-12-25,25
09,2022-01-01,21
09,2022-01-08,8
09,2022-01-15,2
09,2022-01-22,11
09,2022-01-29,2
09,2022-02-05,4
09,2022-02-12,0
09,2022-02-19,1
09,2022-02-26,7
09,2022-03-05,7
09,2022-03-12,6
09,2022-03-19,18
09,2022-03-26,25
09,2022-04-02,30
09,2022-04-09,44
09,2022-04-16,51
09,2022-04-23,50
09,2022-04-30,57
09,2022-05-07,76
09,2022-05-14,79
09,2022-05-21,63
09,2022-05-28,34
09,2022-06-04,20
09,2022-06-11,37
09,2022-06-18,14
09,2022-06-25,4
09,2022-07-02,9
09,2022-07-09,4
09,2022-07-16,3
09,2022-07-23,6
09,2022-07-30,4
09,2022-08-06,3
09,2022-08-13,0
09,2022-08-20,2
09,2022-08-27,9
09,2022-09-03,4
09,2022-09-10,3
09,2022-09-17,4
09,2022-09-24,3
09,2022-10-01,2
09,2022-10-08,3
09,2022-10-15,9
09,2022-10-22,9
09,2022-10-29,37
09,2022-11-05,41
09,2022-11-12,58
09,2022-11-19,104
09,2022-11-26,199
09,2022-12-03,424
09,2022-12-10,419
09,2022-12-17,352
09,2022-12-24,275
09,2022-12-31,248
10,2021-01-02,0
10,2021-01-09,0
10,2021-01-16,3
10,2021-01-23,0
10,2021-01-30,0
10,2021-02-06,0
10,2021-02-13,0
10,2021-02-20,0
10,2021-02-27,0
10,2021-03-06,0
10,2021-03-13,0
10,2021-03-20,0
10,2021-03-27,0
10,2021-04-03,0
10,2021-04-10,0
10,2021-04-17,1
10,2021-04-24,1
10,2021-05-01,0
10,2021-05-08,0
10,2021-05-15,0
10,2021-05-22,0
10,2021-05-29,0
10,2021-06-05,0
10,2021-06-12,0
10,2021-06-19,0
10,2021-06-26,0
10,2021-07-03,0
10,2021-07-10,0
10,2021-07-17,0
10,2021-07-24,0
10,2021-07-31,1
10,2021-08-07,0
10,2021-08-14,0
10,2021-08-21,1
10,2021-08-28,2
10,2021-09-04,0
10,2021-09-11,0
10,2021-09-18,1
10,2021-09-25,0
10,2021-10-02,1
10,2021-10-09,0
10,2021-10-16,3
10,2021-10-23,0
10,2021-10-30,3
10,2021-11-06,1
10,2021-11-13,2
10,2021-11-20,6
10,2021-11-27,5
10,2021-12-04,9
10,2021-12-11,10
10,2021-12-18,13
10,2021-12-25,10
10,2022-01-01,17
10,2022-01-08,9
10,2022-01-15,6
10,2022-01-22,5
10,2022-01-29,1
10,2022-02-05,0
10,2022-02-12,2
10,2022-02-19,3
10,2022-02-26,1
10,2022-03-05,1
10,2022-03-12,7
10,2022-03-19,6
10,2022-03-26,7
10,2022-04-02,4
10,2022-04-09,14
10,2022-04-16,41
10,2022-04-23,18
10,2022-04-30,6
10,2022-05-07,7
10,2022-05-14,4
10,2022-05-21,4
10,2022-05-28,4
10,2022-06-04,9
10,2022-06-11,5
10,2022-06-18,2
10,2022-06-25,4
10,2022-07-02,0
10,2022-07-09,1
10,2022-07-16,1
10,2022-07-23,0
10,2022-07-30,2
10,2022-08-06,0
10,2022-08-13,1
10,2022-08-20,1
10,2022-08-27,1
10,2022-09-03,3
10,2022-09-10,0
10,2022-09-17,2
10,2022-09-24,0
10,2022-10-01,0
10,2022-10-08,0
10,2022-10-15,0
10,2022-10-22,1
10,2022-10-29,4
10,2022-11-05,11
10,2022-11-12,15
10,2022-11-19,53
10,2022-11-26,48
10,2022-12-03,79
10,2022-12-10,28
10,2022-12-17,27
10,2022-12-24,29
10,2022-12-31,46
11,2021-01-02,0
11,2021-01-09,1
11,2021-01-16,0
11,2021-01-23,1
11,2021-01-30,2
11,2021-02-06,0
11,2021-02-13,0
11,2021-02-20,0
11,2021-02-27,0
11,2021-03-06,0
11,2021-03-13,0
11,2021-03-20,0
11,2021-03-27,0
11,2021-04-03,0
11,2021-04-10,0
11,2021-04-17,0
11,2021-04-24,0
11,2021-05-01,0
11,2021-05-08,0
11,2021-05-15,0
11,2021-05-22,0
11,2021-05-29,0
11,2021-06-05,0
11,2021-06-12,0
11,2021-06-19,0
11,2021-06-26,0
11,2021-07-03,0
11,2021-07-10,1
11,2021-07-17,0
11,2021-07-24,0
11,2021-07-31,0
11,2021-08-07,0
11,2021-08-14,0
11,2021-08-21,0
11,2021-08-28,0
11,2021-09-04,0
11,2021-09-11,0
11,2021-09-18,0
11,2021-09-25,0
11,2021-10-02,0
11,2021-10-09,0
11,2021-10-16,0
11,2021-10-23,0
11,2021-10-30,0
11,2021-11-06,0
11,2021-11-13,0
11,2021-11-20,0
11,2021-11-27,1
11,2021-12-04,1
11,2021-12-11,3
11,2021-12-18,0
11,2021-12-25,0
11,2022-01-01,0
11,2022-01-08,0
11,2022-01-15,0
11,2022-01-22,0
11,2022-01-29,0
11,2022-02-05,3
11,2022-02-12,0
11,2022-02-19,1
11,2022-02-26,0
11,2022-03-05,1
11,2022-03-12,4
11,2022-03-19,4
11,2022-03-26,2
11,2022-04-02,4
11,2022-04-09,2
11,2022-04-16,2
11,2022-04-23,1
11,2022-04-30,4
11,2022-05-07,1
11,2022-05-14,5
11,2022-05-21,4
11,2022-05-28,6
11,2022-06-04,4
11,2022-06-11,1
11,2022-06-18,2
11,2022-06-25,3
11,2022-07-02,1
11,2022-07-09,2
11,2022-07-16,1
11,2022-07-23,0
11,2022-07-30,0
11,2022-08-06,2
11,2022-08-13,0
11,2022-08-20,0
11,2022-08-27,1
11,2022-09-03,0
11,2022-09-10,0
11,2022-09-17,0
11,2022-09-24,1
11,2022-10-01,0
11,2022-10-08,1
11,2022-10-15,2
11,2022-10-22,8
11,2022-10-29,11
11,2022-11-05,36
11,2022-11-12,44
11,2022-11-19,35
11,2022-11-26,70
11,2022-12-03,56
11,2022-12-10,42
11,2022-12-17,20
11,2022-12-24,26
11,2022-12-31,27
12,2021-01-02,42
12,2021-01-09,52
12,2021-01-16,53
12,2021-01-23,65
12,2021-01-30,44
12,2021-02-06,92
12,2021-02-13,53
12,2021-02-20,49
12,2021-02-27,47
12,2021-03-06,53
12,2021-03-13,51
12,2021-03-20,82
12,2021-03-27,78
12,2021-04-03,49
12,2021-04-10,50
12,2021-04-17,73
12,2021-04-24,55
12,2021-05-01,36
12,2021-05-08,51
12,2021-05-15,42
12,2021-05-22,41
12,2021-05-29,37
12,2021-06-05,29
12,2021-06-12,16
12,2021-06-19,28
12,2021-06-26,35
12,2021-07-03,25
12,2021-07-10,34
12,2021-07-17,53
12,2021-07-24,30
12,2021-07-31,41
12,2021-08-07,49
12,2021-08-14,43
12,2021-08-21,34
12,2021-08-28,26
12,2021-09-04,22
12,2021-09-11,30
12,2021-09-18,35
12,2021-09-25,29
12,2021-10-02,32
12,2021-10-09,38
12,2021-10-16,30
12,2021-10-23,48
12,2021-10-30,39
12,2021-11-06,45
12,2021-11-13,65
12,2021-11-20,76
12,2021-11-27,78
12,2021-12-04,90
12,2021-12-11,92
12,2021-12-18,107
12,2021-12-25,116
12,2022-01-01,126
12,2022-01-08,86
12,2022-01-15,132
12,2022-01-22,74
12,2022-01-29,61
12,2022-02-05,79
12,2022-02-12,64
12,2022-02-19,74
12,2022-02-26,66
12,2022-03-05,72
12,2022-03-12,69
12,2022-03-19,73
12,2022-03-26,109
12,2022-04-02,96
12,2022-04-09,103
12,2022-04-16,165
12,2022-04-23,163
12,2022-04-30,179
12,2022-05-07,223
12,2022-05-14,306
12,2022-05-21,406
12,2022-05-28,542
12,2022-06-04,680
12,2022-06-11,556
12,2022-06-18,465
12,2022-06-25,321
12,2022-07-02,205
12,2022-07-09,177
12,2022-07-16,134
12,2022-07-23,97
12,2022-07-30,81
12,2022-08-06,87
12,2022-08-13,89
12,2022-08-20,67
12,2022-08-27,75
12,2022-09-03,70
12,2022-09-10,60
12,2022-09-17,78
12,2022-09-24,81
12,2022-10-01,77
12,2022-10-08,110
12,2022-10-15,105
12,2022-10-22,125
12,2022-10-29,260
12,2022-11-05,304
12,2022-11-12,490
12,2022-11-19,504
12,2022-11-26,803
12,2022-12-03,896
12,2022-12-10,789
12,2022-12-17,865
12,2022-12-24,889
12,2022-12-31,1182
13,2021-01-02,17
13,2021-01-09,23
13,2021-01-16,32
13,2021-01-23,26
13,2021-01-30,29
13,2021-02-06,19
13,2021-02-13,17
13,2021-02-20,25
13,2021-02-27,27
13,2021-03-06,16
13,2021-03-13,20
13,2021-03-20,32
13,2021-03-27,20
13,2021-04-03,16
13,2021-04-10,18
13,2021-04-17,21
13,2021-04-24,15
13,2021-05-01,9
13,2021-05-08,22
13,2021-05-15,4
13,2021-05-22,15
13,2021-05-29,7
13,2021-06-05,12
13,2021-06-12,6
13,2021-06-19,4
13,2021-06-26,2
13,2021-07-03,13
13,2021-07-10,2
13,2021-07-17,5
13,2021-07-24,12
13,2021-07-31,9
13,2021-08-07,13
13,2021-08-14,14
13,2021-08-21,17
13,2021-08-28,13
13,2021-09-04,27
13,2021-09-11,28
13,2021-09-18,17
13,2021-09-25,18
13,2021-10-02,22
13,2021-10-09,4
13,2021-10-16,9
13,2021-10-23,21
13,2021-10-30,22
13,2021-11-06,24
13,2021-11-13,32
13,2021-11-20,22
13,2021-11-27,21
13,2021-12-04,39
13,2021-12-11,52
13,2021-12-18,48
13,2021-12-25,48
13,2022-01-01,69
13,2022-01-08,37
13,2022-01-15,31
13,2022-01-22,51
13,2022-01-29,35
13,2022-02-05,45
13,2022-02-12,38
13,2022-02-19,45
13,2022-02-26,35
13,2022-03-05,28
13,2022-03-12,37
13,2022-03-19,34
13,2022-03-26,33
13,2022-04-02,46
13,2022-04-09,31
13,2022-04-16,41
13,2022-04-23,44
13,2022-04-30,41
13,2022-05-07,43
13,2022-05-14,43
13,2022-05-21,49
13,2022-05-28,64
13,2022-06-04,63
13,2022-06-11,38
13,2022-06-18,36
13,2022-06-25,26
13,2022-07-02,34
13,2022-07-09,23
13,2022-07-16,26
13,2022-07-23,26
13,2022-07-30,33
13,2022-08-06,31
13,2022-08-13,13
13,2022-08-20,19
13,2022-08-27,17
13,2022-09-03,22
13,2022-09-10,38
13,2022-09-17,36
13,2022-09-24,39
13,2022-10-01,54
13,2022-10-08,87
13,2022-10-15,113
13,2022-10-22,119
13,2022-10-29,176
13,2022-11-05,217
13,2022-11-12,250
13,2022-11-19,193
13,2022-11-26,251
13,2022-12-03,252
13,2022-12-10,172
13,2022-12-17,136
13,2022-12-24,135
13,2022-12-31,170
15,2021-01-02,0
15,2021-01-09,0
15,2021-01-16,0
15,2021-01-23,0
15,2021-01-30,0
15,2021-02-06,0
15,2021-02-13,0
15,2021-02-20,0
15,2021-02-27,0
15,2021-03-06,0
15,2021-03-13,0
15,2021-03-20,0
15,2021-03-27,0
15,2021-04-03,0
15,2021-04-10,0
15,2021-04-17,0
15,2021-04-24,0
15,2021-05-01,0
15,2021-05-08,0
15,2021-05-15,0
15,2021-05-22,0
15,2021-05-29,0
15,2021-06-05,0
15,2021-06-12,0
15,2021-06-19,0
15,2021-06-26,0
15,2021-07-03,0
15,2021-07-10,1
15,2021-07-17,1
15,2021-07-24,0
15,2021-07-31,1
15,2021-08-07,1
15,2021-08-14,2
15,2021-08-21,0
15,2021-08-28,0
15,2021-09-04,0
15,2021-09-11,0
15,2021-09-18,1
15,2021-09-25,0
15,2021-10-02,0
15,2021-10-09,0
15,2021-10-16,0
15,2021-10-23,0
15,2021-10-30,0
15,2021-11-06,0
15,2021-11-13,0
15,2021-11-20,0
15,2021-11-27,1
15,2021-12-04,0
15,2021-12-11,0
15,2021-12-18,0
15,2021-12-25,1
15,2022-01-01,0
15,2022-01-08,0
15,2022-01-15,0
15,2022-01-22,0
15,2022-01-29,0
15,2022-02-05,0
15,2022-02-12,0
15,2022-02-19,0
15,2022-02-26,0
15,2022-03-05,0
15,2022-03-12,0
15,2022-03-19,1
15,2022-03-26,0
15,2022-04-02,1
15,2022-04-09,4
15,2022-04-16,10
15,2022-04-23,6
15,2022-04-30,4
15,2022-05-07,1
15,2022-05-14,4
15,2022-05-21,10
15,2022-05-28,9
15,2022-06-04,4
15,2022-06-11,3
15,2022-06-18,4
15,2022-06-25,6
15,2022-07-02,4
15,2022-07-09,2
15,2022-07-16,0
15,2022-07-23,1
15,2022-07-30,2
15,2022-08-06,3
15,2022-08-13,2
15,2022-08-20,0
15,2022-08-27,1
15,2022-09-03,2
15,2022-09-10,1
15,2022-09-17,2
15,2022-09-24,3
15,2022-10-01,5
15,2022-10-08,4
15,2022-10-15,6
15,2022-10-22,4
15,2022-10-29,6
15,2022-11-05,8
15,2022-11-12,25
15,2022-11-19,10
15,2022-11-26,12
15,2022-12-03,12
15,2022-12-10,11
15,2022-12-17,17
15,2022-12-24,31
15,2022-12-31,28
16,2021-01-02,5
16,2021-01-09,2
16,2021-01-16,2
16,2021-01-23,0
16,2021-01-30,0
16,2021-02-06,0
16,2021-02-13,0
16,2021-02-20,0
16,2021-02-27,0
16,2021-03-06,0
16,2021-03-13,1
16,2021-03-20,3
16,2021-03-27,0
16,2021-04-03,0
16,2021-04-10,6
16,2021-04-17,0
16,2021-04-24,0
16,2021-05-01,0
16,2021-05-08,0
16,2021-05-15,0
16,2021-05-22,0
16,2021-05-29,0
16,2021-06-05,1
16,2021-06-12,0
16,2021-06-19,0
16,2021-06-26,1
16,2021-07-03,0
16,2021-07-10,0
16,2021-07-17,0
16,2021-07-24,0
16,2021-07-31,0
16,2021-08-07,0
16,2021-08-14,1
16,2021-08-21,1
16,2021-08-28,0
16,2021-09-04,1
16,2021-09-11,0
16,2021-09-18,1
16,2021-09-25,0
16,2021-10-02,0
16,2021-10-09,0
16,2021-10-16,0
16,2021-10-23,0
16,2021-10-30,0
16,2021-11-06,0
16,2021-11-13,2
16,2021-11-20,3
16,2021-11-27,2
16,2021-12-04,0
16,2021-12-11,1
16,2021-12-18,2
16,2021-12-25,3
16,2022-01-01,6
16,2022-01-08,4
16,2022-01-15,3
16,2022-01-22,3
16,2022-01-29,2
16,2022-02-05,1
16,2022-02-12,1
16,2022-02-19,1
16,2022-02-26,4
16,2022-03-05,3
16,2022-03-12,15
16,2022-03-19,15
16,2022-03-26,15
16,2022-04-02,21
16,2022-04-09,17
16,2022-04-16,19
16,2022-04-23,14
16,2022-04-30,15
16,2022-05-07,15
16,2022-05-14,16
16,2022-05-21,13
16,2022-05-28,7
16,2022-06-04,11
16,2022-06-11,6
16,2022-06-18,6
16,2022-06-25,3
16,2022-07-02,3
16,2022-07-09,4
16,2022-07-16,4
16,2022-07-23,0
16,2022-07-30,1
16,2022-08-06,2
16,2022-08-13,0
16,2022-08-20,2
16,2022-08-27,1
16,2022-09-03,3
16,2022-09-10,0
16,2022-09-17,1
16,2022-09-24,3
16,2022-10-01,2
16,2022-10-08,1
16,2022-10-15,1
16,2022-10-22,1
16,2022-10-29,1
16,2022-11-05,20
16,2022-11-12,14
16,2022-11-19,60
16,2022-11-26,155
16,2022-12-03,189
16,2022-12-10,195
16,2022-12-17,284
16,2022-12-24,195
16,2022-12-31,219
17,2021-01-02,11
17,2021-01-09,19
17,2021-01-16,4
17,2021-01-23,6
17,2021-01-30,6
17,2021-02-06,13
17,2021-02-13,6
17,2021-02-20,1
17,2021-02-27,2
17,2021-03-06,2
17,2021-03-13,0
17,2021-03-20,0
17,2021-03-27,2
17,2021-04-03,17
17,2021-04-10,13
17,2021-04-17,7
17,2021-04-24,6
17,2021-05-01,3
17,2021-05-08,2
17,2021-05-15,2
17,2021-05-22,7
17,2021-05-29,2
17,2021-06-05,3
17,2021-06-12,1
17,2021-06-19,3
17,2021-06-26,5
17,2021-07-03,6
17,2021-07-10,3
17,2021-07-17,10
17,2021-07-24,6
17,2021-07-31,9
17,2021-08-07,5
17,2021-08-14,6
17,2021-08-21,5
17,2021-08-28,0
17,2021-09-04,2
17,2021-09-11,4
17,2021-09-18,1
17,2021-09-25,0
17,2021-10-02,2
17,2021-10-09,0
17,2021-10-16,6
17,2021-10-23,2
17,2021-10-30,2
17,2021-11-06,2
17,2021-11-13,5
17,2021-11-20,8
17,2021-11-27,6
17,2021-12-04,23
17,2021-12-11,25
17,2021-12-18,28
17,2021-12-25,27
17,2022-01-01,49
17,2022-01-08,26
17,2022-01-15,42
17,2022-01-22,18
17,2022-01-29,7
17,2022-02-05,16
17,2022-02-12,9
17,2022-02-19,26
17,2022-02-26,26
17,2022-03-05,21
17,2022-03-12,39
17,2022-03-19,74
17,2022-03-26,105
17,2022-04-02,100
17,2022-04-09,103
17,2022-04-16,92
17,2022-04-23,126
17,2022-04-30,99
17,2022-05-07,114
17,2022-05-14,128
17,2022-05-21,93
17,2022-05-28,49
17,2022-06-04,41
17,2022-06-11,18
17,2022-06-18,23
17,2022-06-25,18
17,2022-07-02,11
17,2022-07-09,9
17,2022-07-16,14
17,2022-07-23,3
17,2022-07-30,12
17,2022-08-06,13
17,2022-08-13,12
17,2022-08-20,14
17,2022-08-27,15
17,2022-09-03,10
17,2022-09-10,3
17,2022-09-17,5
17,2022-09-24,16
17,2022-10-01,11
17,2022-10-08,11
17,2022-10-15,31
17,2022-10-22,45
17,2022-10-29,104
17,2022-11-05,181
17,2022-11-12,276
17,2022-11-19,447
17,2022-11-26,915
17,2022-12-03,1125
17,2022-12-10,973
17,2022-12-17,760
17,2022-12-24,542
17,2022-12-31,564
18,2021-01-02,18
18,2021-01-09,6
18,2021-01-16,10
18,2021-01-23,9
18,2021-01-30,10
18,2021-02-06,11
18,2021-02-13,9
18,2021-02-20,9
18,2021-02-27,6
18,2021-03-06,3
18,2021-03-13,18
18,2021-03-20,8
18,2021-03-27,8
18,2021-04-03,56
18,2021-04-10,13
18,2021-04-17,13
18,2021-04-24,15
18,2021-05-01,8
18,2021-05-08,2
18,2021-05-15,4
18,2021-05-22,9
18,2021-05-29,2
18,2021-06-05,9
18,2021-06-12,5
18,2021-06-19,2
18,2021-06-26,13
18,2021-07-03,3
18,2021-07-10,8
18,2021-07-17,11
18,2021-07-24,10
18,2021-07-31,29
18,2021-08-07,30
18,2021-08-14,26
18,2021-08-21,33
18,2021-08-28,21
18,2021-09-04,21
18,2021-09-11,12
18,2021-09-18,14
18,2021-09-25,25
18,2021-10-02,12
18,2021-10-09,12
18,2021-10-16,11
18,2021-10-23,7
18,2021-10-30,19
18,2021-11-06,15
18,2021-11-13,9
18,2021-11-20,18
18,2021-11-27,18
18,2021-12-04,33
18,2021-12-11,37
18,2021-12-18,49
18,2021-12-25,121
18,2022-01-01,96
18,2022-01-08,60
18,2022-01-15,46
18,2022-01-22,28
18,2022-01-29,33
18,2022-02-05,36
18,2022-02-12,34
18,2022-02-19,61
18,2022-02-26,42
18,2022-03-05,72
18,2022-03-12,106
18,2022-03-19,124
18,2022-03-26,125
18,2022-04-02,113
18,2022-04-09,117
18,2022-04-16,81
18,2022-04-23,66
18,2022-04-30,73
18,2022-05-07,47
18,2022-05-14,42
18,2022-05-21,44
18,2022-05-28,33
18,2022-06-04,25
18,2022-06-11,13
18,2022-06-18,23
18,2022-06-25,21
18,2022-07-02,17
18,2022-07-09,12
18,2022-07-16,11
18,2022-07-23,7
18,2022-07-30,18
18,2022-08-06,11
18,2022-08-13,7
18,2022-08-20,10
18,2022-08-27,15
18,2022-09-03,22
18,2022-09-10,27
18,2022-09-17,26
18,2022-09-24,34
18,2022-10-01,33
18,2022-10-08,51
18,2022-10-15,57
18,2022-10-22,72
18,2022-10-29,102
18,2022-11-05,149
18,2022-11-12,141
18,2022-11-19,264
18,2022-11-26,505
18,2022-12-03,826
18,2022-12-10,851
18,2022-12-17,684
18,2022-12-24,594
18,2022-12-31,570
19,2021-01-02,5
19,2021-01-09,3
19,2021-01-16,6
19,2021-01-23,1
19,2021-01-30,4
19,2021-02-06,1
19,2021-02-13,1
19,2021-02-20,4
19,2021-02-27,0
19,2021-03-06,0
19,2021-03-13,2
19,2021-03-20,0
19,2021-03-27,10
19,2021-04-03,3
19,2021-04-10,11
19,2021-04-17,4
19,2021-04-24,1
19,2021-05-01,3
19,2021-05-08,1
19,2021-05-15,0
19,2021-05-22,1
19,2021-05-29,1
19,2021-06-05,0
19,2021-06-12,1
19,2021-06-19,0
19,2021-06-26,0
19,2021-07-03,0
19,2021-07-10,0
19,2021-07-17,0
19,2021-07-24,0
19,2021-07-31,0
19,2021-08-07,2
19,2021-08-14,0
19,2021-08-21,3
19,2021-08-28,0
19,2021-09-04,0
19,2021-09-11,1
19,2021-09-18,0
19,2021-09-25,9
19,2021-10-02,0
19,2021-10-09,0
19,2021-10-16,0
19,2021-10-23,0
19,2021-10-30,0
19,2021-11-06,1
19,2021-11-13,1
19,2021-11-20,0
19,2021-11-27,3
19,2021-12-04,0
19,2021-12-11,4
19,2021-12-18,2
19,2021-12-25,5
19,2022-01-01,13
19,2022-01-08,15
19,2022-01-15,11
19,2022-01-22,12
19,2022-01-29,7
19,2022-02-05,17
19,2022-02-12,52
19,2022-02-19,44
19,2022-02-26,62
19,2022-03-05,57
19,2022-03-12,61
19,2022-03-19,43
19,2022-03-26,42
19,2022-04-02,37
19,2022-04-09,21
19,2022-04-16,28
19,2022-04-23,20
19,2022-04-30,15
19,2022-05-07,21
19,2022-05-14,17
19,2022-05-21,10
19,2022-05-28,6
19,2022-06-04,5
19,2022-06-11,10
19,2022-06-18,5
19,2022-06-25,7
19,2022-07-02,4
19,2022-07-09,3
19,2022-07-16,0
19,2022-07-23,1
19,2022-07-30,0
19,2022-08-06,1
19,2022-08-13,2
19,2022-08-20,3
19,2022-08-27,1
19,2022-09-03,3
19,2022-09-10,0
19,2022-09-17,1
19,2022-09-24,7
19,2022-10-01,5
19,2022-10-08,5
19,2022-10-15,7
19,2022-10-22,10
19,2022-10-29,19
19,2022-11-05,16
19,2022-11-12,23
19,2022-11-19,37
19,2022-11-26,139
19,2022-12-03,201
19,2022-12-10,235
19,2022-12-17,358
19,2022-12-24,335
19,2022-12-31,301
20,2021-01-02,16
20,2021-01-09,9
20,2021-01-16,7
20,2021-01-23,2
20,2021-01-30,16
20,2021-02-06,1
20,2021-02-13,3
20,2021-02-20,5
20,2021-02-27,10
20,2021-03-06,5
20,2021-03-13,21
20,2021-03-20,0
20,2021-03-27,2
20,2021-04-03,6
20,2021-04-10,7
20,2021-04-17,7
20,2021-04-24,9
20,2021-05-01,5
20,2021-05-08,9
20,2021-05-15,0
20,2021-05-22,7
20,2021-05-29,0
20,2021-06-05,0
20,2021-06-12,0
20,2021-06-19,0
20,2021-06-26,4
20,2021-07-03,1
20,2021-07-10,0
20,2021-07-17,9
20,2021-07-24,1
20,2021-07-31,4
20,2021-08-07,4
20,2021-08-14,1
20,2021-08-21,1
20,2021-08-28,3
20,2021-09-04,6
20,2021-09-11,0
20,2021-09-18,0
20,2021-09-25,2
20,2021-10-02,5
20,2021-10-09,9
20,2021-10-16,11
20,2021-10-23,11
20,2021-10-30,2
20,2021-11-06,0
20,2021-11-13,8
20,2021-11-20,5
20,2021-11-27,5
20,2021-12-04,4
20,2021-12-11,8
20,2021-12-18,16
20,2021-12-25,22
20,2022-01-01,33
20,2022-01-08,47
20,2022-01-15,34
20,2022-01-22,18
20,2022-01-29,7
20,2022-02-05,11
20,2022-02-12,20
20,2022-02-19,25
20,2022-02-26,38
20,2022-03-05,32
20,2022-03-12,45
20,2022-03-19,32
20,2022-03-26,44
20,2022-04-02,28
20,2022-04-09,34
20,2022-04-16,21
20,2022-04-23,30
20,2022-04-30,20
20,2022-05-07,15
20,2022-05-14,10
20,2022-05-21,8
20,2022-05-28,2
20,2022-06-04,3
20,2022-06-11,3
20,2022-06-18,2
20,2022-06-25,3
20,2022-07-02,4
20,2022-07-09,3
20,2022-07-16,2
20,2022-07-23,3
20,2022-07-30,5
20,2022-08-06,2
20,2022-08-13,2
20,2022-08-20,3
20,2022-08-27,1
20,2022-09-03,3
20,2022-09-10,0
20,2022-09-17,0
20,2022-09-24,1
20,2022-10-01,5
20,2022-10-08,5
20,2022-10-15,7
20,2022-10-22,16
20,2022-10-29,20
20,2022-11-05,37
20,2022-11-12,49
20,2022-11-19,68
20,2022-11-26,187
20,2022-12-03,303
20,2022-12-10,253
20,2022-12-17,223
20,2022-12-24,185
20,2022-12-31,175
21,2021-01-02,9
21,2021-01-09,7
21,2021-01-16,7
21,2021-01-23,9
21,2021-01-30,21
21,2021-02-06,6
21,2021-02-13,7
21,2021-02-20,5
21,2021-02-27,35
21,2021-03-06,19
21,2021-03-13,3
21,2021-03-20,7
21,2021-03-27,6
21,2021-04-03,2
21,2021-04-10,6
21,2021-04-17,3
21,2021-04-24,3
21,2021-05-01,3
21,2021-05-08,2
21,2021-05-15,1
21,2021-05-22,12
21,2021-05-29,5
21,2021-06-05,4
21,2021-06-12,1
21,2021-06-19,1
21,2021-06-26,1
21,2021-07-03,0
21,2021-07-10,5
21,2021-07-17,0
21,2021-07-24,4
21,2021-07-31,5
21,2021-08-07,5
21,2021-08-14,3
21,2021-08-21,9
21,2021-08-28,2
21,2021-09-04,4
21,2021-09-11,3
21,2021-09-18,4
21,2021-09-25,5
21,2021-10-02,2
21,2021-10-09,8
21,2021-10-16,6
21,2021-10-23,2
21,2021-10-30,7
21,2021-11-06,6
21,2021-11-13,7
21,2021-11-20,11
21,2021-11-27,6
21,2021-12-04,5
21,2021-12-11,7
21,2021-12-18,9
21,2021-12-25,11
21,2022-01-01,10
21,2022-01-08,5
21,2022-01-15,19
21,2022-01-22,23
21,2022-01-29,23
21,2022-02-05,15
21,2022-02-12,15
21,2022-02-19,20
21,2022-02-26,28
21,2022-03-05,20
21,2022-03-12,35
21,2022-03-19,43
21,2022-03-26,39
21,2022-04-02,65
21,2022-04-09,88
21,2022-04-16,92
21,2022-04-23,87
21,2022-04-30,90
21,2022-05-07,64
21,2022-05-14,41
21,2022-05-21,45
21,2022-05-28,24
21,2022-06-04,25
21,2022-06-11,25
21,2022-06-18,7
21,2022-06-25,16
21,2022-07-02,4
21,2022-07-09,7
21,2022-07-16,9
21,2022-07-23,3
21,2022-07-30,7
21,2022-08-06,9
21,2022-08-13,6
21,2022-08-20,6
21,2022-08-27,6
21,2022-09-03,6
21,2022-09-10,19
21,2022-09-17,3
21,2022-09-24,11
21,2022-10-01,3
21,2022-10-08,10
21,2022-10-15,23
21,2022-10-22,15
21,2022-10-29,66
21,2022-11-05,139
21,2022-11-12,227
21,2022-11-19,313
21,2022-11-26,603
21,2022-12-03,807
21,2022-12-10,691
21,2022-12-17,418
21,2022-12-24,268
21,2022-12-31,231
22,2021-01-02,5
22,2021-01-09,3
22,2021-01-16,2
22,2021-01-23,8
22,2021-01-30,12
22,2021-02-06,4
22,2021-02-13,5
22,2021-02-20,4
22,2021-02-27,7
22,2021-03-06,8
22,2021-03-13,4
22,2021-03-20,1
22,2021-03-27,5
22,2021-04-03,3
22,2021-04-10,8
22,2021-04-17,1
22,2021-04-24,7
22,2021-05-01,3
22,2021-05-08,3
22,2021-05-15,1
22,2021-05-22,4
22,2021-05-29,7
22,2021-06-05,9
22,2021-06-12,8
22,2021-06-19,10
22,2021-06-26,3
22,2021-07-03,5
22,2021-07-10,10
22,2021-07-17,11
22,2021-07-24,1
22,2021-07-31,16
22,2021-08-07,17
22,2021-08-14,7
22,2021-08-21,0
22,2021-08-28,12
22,2021-09-04,4
22,2021-09-11,2
22,2021-09-18,4
22,2021-09-25,6
22,2021-10-02,8
22,2021-10-09,7
22,2021-10-16,13
22,2021-10-23,7
22,2021-10-30,1
22,2021-11-06,8
22,2021-11-13,6
22,2021-11-20,1
22,2021-11-27,7
22,2021-12-04,18
22,2021-12-11,30
22,2021-12-18,35
22,2021-12-25,44
22,2022-01-01,59
22,2022-01-08,25
22,2022-01-15,11
22,2022-01-22,7
22,2022-01-29,10
22,2022-02-05,24
22,2022-02-12,22
22,2022-02-19,40
22,2022-02-26,36
22,2022-03-05,31
22,2022-03-12,31
22,2022-03-19,50
22,2022-03-26,42
22,2022-04-02,46
22,2022-04-09,28
22,2022-04-16,41
22,2022-04-23,40
22,2022-04-30,19
22,2022-05-07,24
22,2022-05-14,20
22,2022-05-21,17
22,2022-05-28,10
22,2022-06-04,16
22,2022-06-11,21
22,2022-06-18,14
22,2022-06-25,8
22,2022-07-02,4
22,2022-07-09,3
22,2022-07-16,5
22,2022-07-23,15
22,2022-07-30,2
22,2022-08-06,5
22,2022-08-13,7
22,2022-08-20,6
22,2022-08-27,10
22,2022-09-03,6
22,2022-09-10,19
22,2022-09-17,18
22,2022-09-24,23
22,2022-10-01,38
22,2022-10-08,43
22,2022-10-15,82
22,2022-10-22,97
22,2022-10-29,188
22,2022-11-05,170
22,2022-11-12,167
22,2022-11-19,177
22,2022-11-26,240
22,2022-12-03,294
22,2022-12-10,253
22,2022-12-17,146
22,2022-12-24,141
22,2022-12-31,190
23,2021-01-02,0
23,2021-01-09,0
23,2021-01-16,0
23,2021-01-23,0
23,2021-01-30,0
23,2021-02-06,0
23,2021-02-13,2
23,2021-02-20,0
23,2021-02-27,0
23,2021-03-06,2
23,2021-03-13,0
23,2021-03-20,1
23,2021-03-27,0
23,2021-04-03,0
23,2021-04-10,5
23,2021-04-17,0
23,2021-04-24,0
23,2021-05-01,0
23,2021-05-08,1
23,2021-05-15,0
23,2021-05-22,0
23,2021-05-29,0
23,2021-06-05,0
23,2021-06-12,0
23,2021-06-19,0
23,2021-06-26,0
23,2021-07-03,0
23,2021-07-10,0
23,2021-07-17,0
23,2021-07-24,0
23,2021-07-31,0
23,2021-08-07,0
23,2021-08-14,0
23,2021-08-21,0
23,2021-08-28,0
23,2021-09-04,0
23,2021-09-11,0
23,2021-09-18,0
23,2021-09-25,0
23,2021-10-02,0
23,2021-10-09,0
23,2021-10-16,1
23,2021-10-23,0
23,2021-10-30,0
23,2021-11-06,0
23,2021-11-13,0
23,2021-11-20,2
23,2021-11-27,1
23,2021-12-04,5
23,2021-12-11,2
23,2021-12-18,1
23,2021-12-25,1
23,2022-01-01,2
23,2022-01-08,4
23,2022-01-15,0
23,2022-01-22,0
23,2022-01-29,1
23,2022-02-05,3
23,2022-02-12,7
23,2022-02-19,4
23,2022-02-26,2
23,2022-03-05,3
23,2022-03-12,2
23,2022-03-19,1
23,2022-03-26,3
23,2022-04-02,10
23,2022-04-09,11
23,2022-04-16,15
23,2022-04-23,28
23,2022-04-30,23
23,2022-05-07,10
23,2022-05-14,41
23,2022-05-21,31
23,2022-05-28,16
23,2022-06-04,12
23,2022-06-11,15
23,2022-06-18,5
23,2022-06-25,3
23,2022-07-02,3
23,2022-07-09,0
23,2022-07-16,0
23,2022-07-23,2
23,2022-07-30,0
23,2022-08-06,0
23,2022-08-13,2
23,2022-08-20,0
23,2022-08-27,0
23,2022-09-03,0
23,2022-09-10,0
23,2022-09-17,0
23,2022-09-24,0
23,2022-10-01,1
23,2022-10-08,0
23,2022-10-15,0
23,2022-10-22,0
23,2022-10-29,3
23,2022-11-05,3
23,2022-11-12,11
23,2022-11-19,14
23,2022-11-26,34
23,2022-12-03,110
23,2022-12-10,120
23,2022-12-17,196
23,2022-12-24,212
23,2022-12-31,186
24,2021-01-02,14
24,2021-01-09,11
24,2021-01-16,3
24,2021-01-23,4
24,2021-01-30,3
24,2021-02-06,0
24,2021-02-13,12
24,2021-02-20,1
24,2021-02-27,5
24,2021-03-06,2
24,2021-03-13,2
24,2021-03-20,1
24,2021-03-27,0
24,2021-04-03,1
24,2021-04-10,2
24,2021-04-17,1
24,2021-04-24,0
24,2021-05-01,0
24,2021-05-08,6
24,2021-05-15,2
24,2021-05-22,0
24,2021-05-29,0
24,2021-06-05,0
24,2021-06-12,1
24,2021-06-19,2
24,2021-06-26,12
24,2021-07-03,2
24,2021-07-10,0
24,2021-07-17,0
24,2021-07-24,1
24,2021-07-31,1
24,2021-08-07,1
24,2021-08-14,0
24,2021-08-21,1
24,2021-08-28,0
24,2021-09-04,1
24,2021-09-11,1
24,2021-09-18,2
24,2021-09-25,0
24,2021-10-02,2
24,2021-10-09,2
24,2021-10-16,5
24,2021-10-23,6
24,2021-10-30,7
24,2021-11-06,4
24,2021-11-13,8
24,2021-11-20,3
24,2021-11-27,5
24,2021-12-04,9
24,2021-12-11,5
24,2021-12-18,34
24,2021-12-25,31
24,2022-01-01,10
24,2022-01-08,9
24,2022-01-15,17
24,2022-01-22,4
24,2022-01-29,9
24,2022-02-05,11
24,2022-02-12,8
24,2022-02-19,14
24,2022-02-26,17
24,2022-03-05,21
24,2022-03-12,18
24,2022-03-19,30
24,2022-03-26,28
24,2022-04-02,31
24,2022-04-09,57
24,2022-04-16,48
24,2022-04-23,43
24,2022-04-30,57
24,2022-05-07,46
24,2022-05-14,61
24,2022-05-21,46
24,2022-05-28,32
24,2022-06-04,18
24,2022-06-11,20
24,2022-06-18,23
24,2022-06-25,22
24,2022-07-02,13
24,2022-07-09,15
24,2022-07-16,5
24,2022-07-23,5
24,2022-07-30,5
24,2022-08-06,3
24,2022-08-13,5
24,2022-08-20,10
24,2022-08-27,5
24,2022-09-03,1
24,2022-09-10,3
24,2022-09-17,8
24,2022-09-24,3
24,2022-10-01,9
24,2022-10-08,21
24,2022-10-15,25
24,2022-10-22,49
24,2022-10-29,109
24,2022-11-05,165
24,2022-11-12,224
24,2022-11-19,218
24,2022-11-26,332
24,2022-12-03,405
24,2022-12-10,319
24,2022-12-17,278
24,2022-12-24,227
24,2022-12-31,221
25,2021-01-02,7
25,2021-01-09,3
25,2021-01-16,3
25,2021-01-23,3
25,2021-01-30,1
25,2021-02-06,2
25,2021-02-13,1
25,2021-02-20,3
25,2021-02-27,2
25,2021-03-06,2
25,2021-03-13,7
25,2021-03-20,3
25,2021-03-27,0
25,2021-04-03,4
25,2021-04-10,7
25,2021-04-17,0
25,2021-04-24,1
25,2021-05-01,2
25,2021-05-08,1
25,2021-05-15,0
25,2021-05-22,0
25,2021-05-29,0
25,2021-06-05,0
25,2021-06-12,0
25,2021-06-19,0
25,2021-06-26,NA
25,2021-07-03,NA
25,2021-07-10,NA
25,2021-07-17,NA
25,2021-07-24,NA
25,2021-07-31,5
25,2021-08-07,NA
25,2021-08-14,NA
25,2021-08-21,NA
25,2021-08-28,NA
25,2021-09-04,NA
25,2021-09-11,NA
25,2021-09-18,NA
25,2021-09-25,NA
25,2021-10-02,NA
25,2021-10-09,NA
25,2021-10-16,4
25,2021-10-23,NA
25,2021-10-30,5
25,2021-11-06,5
25,2021-11-13,10
25,2021-11-20,10
25,2021-11-27,12
25,2021-12-04,21
25,2021-12-11,25
25,2021-12-18,26
25,2021-12-25,38
25,2022-01-01,63
25,2022-01-08,56
25,2022-01-15,50
25,2022-01-22,55
25,2022-01-29,39
25,2022-02-05,37
25,2022-02-12,37
25,2022-02-19,54
25,2022-02-26,30
25,2022-03-05,14
25,2022-03-12,34
25,2022-03-19,44
25,2022-03-26,44
25,2022-04-02,100
25,2022-04-09,156
25,2022-04-16,166
25,2022-04-23,188
25,2022-04-30,182
25,2022-05-07,184
25,2022-05-14,172
25,2022-05-21,145
25,2022-05-28,86
25,2022-06-04,50
25,2022-06-11,47
25,2022-06-18,13
25,2022-06-25,17
25,2022-07-02,8
25,2022-07-09,15
25,2022-07-16,14
25,2022-07-23,12
25,2022-07-30,5
25,2022-08-06,11
25,2022-08-13,9
25,2022-08-20,3
25,2022-08-27,12
25,2022-09-03,7
25,2022-09-10,4
25,2022-09-17,2
25,2022-09-24,4
25,2022-10-01,4
25,2022-10-08,8
25,2022-10-15,7
25,2022-10-22,8
25,2022-10-29,14
25,2022-11-05,31
25,2022-11-12,43
25,2022-11-19,79
25,2022-11-26,221
25,2022-12-03,446
25,2022-12-10,578
25,2022-12-17,694
25,2022-12-24,769
25,2022-12-31,733
26,2021-01-02,8
26,2021-01-09,3
26,2021-01-16,8
26,2021-01-23,5
26,2021-01-30,4
26,2021-02-06,1
26,2021-02-13,0
26,2021-02-20,2
26,2021-02-27,3
26,2021-03-06,4
26,2021-03-13,1
26,2021-03-20,0
26,2021-03-27,1
26,2021-04-03,1
26,2021-04-10,7
26,2021-04-17,13
26,2021-04-24,11
26,2021-05-01,3
26,2021-05-08,1
26,2021-05-15,3
26,2021-05-22,0
26,2021-05-29,2
26,2021-06-05,1
26,2021-06-12,0
26,2021-06-19,0
26,2021-06-26,0
26,2021-07-03,0
26,2021-07-10,0
26,2021-07-17,1
26,2021-07-24,0
26,2021-07-31,0
26,2021-08-07,3
26,2021-08-14,0
26,2021-08-21,2
26,2021-08-28,3
26,2021-09-04,2
26,2021-09-11,0
26,2021-09-18,0
26,2021-09-25,2
26,2021-10-02,7
26,2021-10-09,4
26,2021-10-16,3
26,2021-10-23,3
26,2021-10-30,0
26,2021-11-06,1
26,2021-11-13,6
26,2021-11-20,6
26,2021-11-27,28
26,2021-12-04,27
26,2021-12-11,58
26,2021-12-18,56
26,2021-12-25,68
26,2022-01-01,102
26,2022-01-08,57
26,2022-01-15,46
26,2022-01-22,31
26,2022-01-29,31
26,2022-02-05,32
26,2022-02-12,40
26,2022-02-19,52
26,2022-02-26,55
26,2022-03-05,82
26,2022-03-12,92
26,2022-03-19,131
26,2022-03-26,125
26,2022-04-02,173
26,2022-04-09,176
26,2022-04-16,139
26,2022-04-23,147
26,2022-04-30,140
26,2022-05-07,174
26,2022-05-14,184
26,2022-05-21,133
26,2022-05-28,89
26,2022-06-04,57
26,2022-06-11,39
26,2022-06-18,19
26,2022-06-25,18
26,2022-07-02,9
26,2022-07-09,12
26,2022-07-16,6
26,2022-07-23,7
26,2022-07-30,4
26,2022-08-06,0
26,2022-08-13,5
26,2022-08-20,0
26,2022-08-27,2
26,2022-09-03,1
26,2022-09-10,10
26,2022-09-17,3
26,2022-09-24,5
26,2022-10-01,4
26,2022-10-08,13
26,2022-10-15,14
26,2022-10-22,17
26,2022-10-29,46
26,2022-11-05,59
26,2022-11-12,90
26,2022-11-19,193
26,2022-11-26,313
26,2022-12-03,485
26,2022-12-10,601
26,2022-12-17,1003
26,2022-12-24,1107
26,2022-12-31,1131
27,2021-01-02,0
27,2021-01-09,1
27,2021-01-16,1
27,2021-01-23,0
27,2021-01-30,12
27,2021-02-06,0
27,2021-02-13,1
27,2021-02-20,5
27,2021-02-27,8
27,2021-03-06,18
27,2021-03-13,7
27,2021-03-20,0
27,2021-03-27,0
27,2021-04-03,0
27,2021-04-10,0
27,2021-04-17,1
27,2021-04-24,0
27,2021-05-01,2
27,2021-05-08,1
27,2021-05-15,0
27,2021-05-22,0
27,2021-05-29,0
27,2021-06-05,0
27,2021-06-12,0
27,2021-06-19,1
27,2021-06-26,0
27,2021-07-03,0
27,2021-07-10,0
27,2021-07-17,0
27,2021-07-24,0
27,2021-07-31,0
27,2021-08-07,0
27,2021-08-14,0
27,2021-08-21,0
27,2021-08-28,2
27,2021-09-04,0
27,2021-09-11,0
27,2021-09-18,3
27,2021-09-25,0
27,2021-10-02,1
27,2021-10-09,1
27,2021-10-16,1
27,2021-10-23,1
27,2021-10-30,3
27,2021-11-06,1
27,2021-11-13,0
27,2021-11-20,2
27,2021-11-27,2
27,2021-12-04,15
27,2021-12-11,28
27,2021-12-18,42
27,2021-12-25,75
27,2022-01-01,112
27,2022-01-08,103
27,2022-01-15,61
27,2022-01-22,43
27,2022-01-29,18
27,2022-02-05,23
27,2022-02-12,19
27,2022-02-19,28
27,2022-02-26,19
27,2022-03-05,31
27,2022-03-12,35
27,2022-03-19,29
27,2022-03-26,37
27,2022-04-02,34
27,2022-04-09,24
27,2022-04-16,28
27,2022-04-23,36
27,2022-04-30,29
27,2022-05-07,30
27,2022-05-14,15
27,2022-05-21,12
27,2022-05-28,14
27,2022-06-04,4
27,2022-06-11,5
27,2022-06-18,9
27,2022-06-25,0
27,2022-07-02,1
27,2022-07-09,2
27,2022-07-16,2
27,2022-07-23,3
27,2022-07-30,3
27,2022-08-06,2
27,2022-08-13,5
27,2022-08-20,1
27,2022-08-27,0
27,2022-09-03,1
27,2022-09-10,1
27,2022-09-17,0
27,2022-09-24,3
27,2022-10-01,2
27,2022-10-08,11
27,2022-10-15,7
27,2022-10-22,11
27,2022-10-29,43
27,2022-11-05,85
27,2022-11-12,182
27,2022-11-19,268
27,2022-11-26,382
27,2022-12-03,447
27,2022-12-10,325
27,2022-12-17,235
27,2022-12-24,168
27,2022-12-31,164
28,2021-01-02,3
28,2021-01-09,37
28,2021-01-16,32
28,2021-01-23,17
28,2021-01-30,10
28,2021-02-06,9
28,2021-02-13,10
28,2021-02-20,17
28,2021-02-27,6
28,2021-03-06,12
28,2021-03-13,19
28,2021-03-20,8
28,2021-03-27,8
28,2021-04-03,7
28,2021-04-10,14
28,2021-04-17,2
28,2021-04-24,10
28,2021-05-01,3
28,2021-05-08,10
28,2021-05-15,12
28,2021-05-22,16
28,2021-05-29,10
28,2021-06-05,10
28,2021-06-12,13
28,2021-06-19,9
28,2021-06-26,9
28,2021-07-03,7
28,2021-07-10,1
28,2021-07-17,6
28,2021-07-24,6
28,2021-07-31,3
28,2021-08-07,0
28,2021-08-14,4
28,2021-08-21,5
28,2021-08-28,19
28,2021-09-04,19
28,2021-09-11,5
28,2021-09-18,2
28,2021-09-25,3
28,2021-10-02,1
28,2021-10-09,3
28,2021-10-16,6
28,2021-10-23,14
28,2021-10-30,3
28,2021-11-06,6
28,2021-11-13,10
28,2021-11-20,10
28,2021-11-27,18
28,2021-12-04,22
28,2021-12-11,8
28,2021-12-18,19
28,2021-12-25,32
28,2022-01-01,54
28,2022-01-08,35
28,2022-01-15,36
28,2022-01-22,17
28,2022-01-29,14
28,2022-02-05,22
28,2022-02-12,22
28,2022-02-19,27
28,2022-02-26,31
28,2022-03-05,34
28,2022-03-12,32
28,2022-03-19,36
28,2022-03-26,38
28,2022-04-02,20
28,2022-04-09,34
28,2022-04-16,23
28,2022-04-23,20
28,2022-04-30,26
28,2022-05-07,21
28,2022-05-14,30
28,2022-05-21,27
28,2022-05-28,22
28,2022-06-04,23
28,2022-06-11,13
28,2022-06-18,19
28,2022-06-25,19
28,2022-07-02,17
28,2022-07-09,24
28,2022-07-16,18
28,2022-07-23,24
28,2022-07-30,17
28,2022-08-06,21
28,2022-08-13,13
28,2022-08-20,16
28,2022-08-27,15
28,2022-09-03,19
28,2022-09-10,22
28,2022-09-17,32
28,2022-09-24,20
28,2022-10-01,35
28,2022-10-08,58
28,2022-10-15,70
28,2022-10-22,90
28,2022-10-29,165
28,2022-11-05,255
28,2022-11-12,258
28,2022-11-19,243
28,2022-11-26,282
28,2022-12-03,258
28,2022-12-10,171
28,2022-12-17,133
28,2022-12-24,86
28,2022-12-31,121
29,2021-01-02,8
29,2021-01-09,18
29,2021-01-16,12
29,2021-01-23,13
29,2021-01-30,13
29,2021-02-06,6
29,2021-02-13,13
29,2021-02-20,20
29,2021-02-27,13
29,2021-03-06,7
29,2021-03-13,1
29,2021-03-20,12
29,2021-03-27,2
29,2021-04-03,3
29,2021-04-10,9
29,2021-04-17,11
29,2021-04-24,13
29,2021-05-01,6
29,2021-05-08,3
29,2021-05-15,6
29,2021-05-22,2
29,2021-05-29,3
29,2021-06-05,0
29,2021-06-12,15
29,2021-06-19,0
29,2021-06-26,2
29,2021-07-03,6
29,2021-07-10,3
29,2021-07-17,2
29,2021-07-24,3
29,2021-07-31,3
29,2021-08-07,3
29,2021-08-14,3
29,2021-08-21,5
29,2021-08-28,3
29,2021-09-04,2
29,2021-09-11,2
29,2021-09-18,1
29,2021-09-25,4
29,2021-10-02,5
29,2021-10-09,1
29,2021-10-16,6
29,2021-10-23,1
29,2021-10-30,13
29,2021-11-06,6
29,2021-11-13,11
29,2021-11-20,8
29,2021-11-27,15
29,2021-12-04,31
29,2021-12-11,39
29,2021-12-18,53
29,2021-12-25,85
29,2022-01-01,126
29,2022-01-08,74
29,2022-01-15,74
29,2022-01-22,50
29,2022-01-29,54
29,2022-02-05,56
29,2022-02-12,42
29,2022-02-19,60
29,2022-02-26,57
29,2022-03-05,77
29,2022-03-12,67
29,2022-03-19,96
29,2022-03-26,84
29,2022-04-02,97
29,2022-04-09,78
29,2022-04-16,78
29,2022-04-23,70
29,2022-04-30,59
29,2022-05-07,68
29,2022-05-14,39
29,2022-05-21,37
29,2022-05-28,20
29,2022-06-04,33
29,2022-06-11,19
29,2022-06-18,24
29,2022-06-25,18
29,2022-07-02,14
29,2022-07-09,15
29,2022-07-16,14
29,2022-07-23,18
29,2022-07-30,14
29,2022-08-06,22
29,2022-08-13,17
29,2022-08-20,11
29,2022-08-27,6
29,2022-09-03,10
29,2022-09-10,4
29,2022-09-17,6
29,2022-09-24,7
29,2022-10-01,14
29,2022-10-08,6
29,2022-10-15,12
29,2022-10-22,23
29,2022-10-29,56
29,2022-11-05,71
29,2022-11-12,115
29,2022-11-19,221
29,2022-11-26,548
29,2022-12-03,861
29,2022-12-10,861
29,2022-12-17,717
29,2022-12-24,548
29,2022-12-31,642
30,2021-01-02,0
30,2021-01-09,0
30,2021-01-16,0
30,2021-01-23,0
30,2021-01-30,0
30,2021-02-06,0
30,2021-02-13,0
30,2021-02-20,0
30,2021-02-27,1
30,2021-03-06,0
30,2021-03-13,0
30,2021-03-20,0
30,2021-03-27,0
30,2021-04-03,0
30,2021-04-10,2
30,2021-04-17,0
30,2021-04-24,0
30,2021-05-01,0
30,2021-05-08,0
30,2021-05-15,0
30,2021-05-22,0
30,2021-05-29,0
30,2021-06-05,0
30,2021-06-12,0
30,2021-06-19,1
30,2021-06-26,0
30,2021-07-03,0
30,2021-07-10,0
30,2021-07-17,0
30,2021-07-24,0
30,2021-07-31,0
30,2021-08-07,0
30,2021-08-14,0
30,2021-08-21,0
30,2021-08-28,0
30,2021-09-04,0
30,2021-09-11,1
30,2021-09-18,7
30,2021-09-25,0
30,2021-10-02,0
30,2021-10-09,0
30,2021-10-16,0
30,2021-10-23,0
30,2021-10-30,0
30,2021-11-06,0
30,2021-11-13,0
30,2021-11-20,0
30,2021-11-27,0
30,2021-12-04,0
30,2021-12-11,1
30,2021-12-18,3
30,2021-12-25,3
30,2022-01-01,17
30,2022-01-08,21
30,2022-01-15,13
30,2022-01-22,13
30,2022-01-29,5
30,2022-02-05,10
30,2022-02-12,13
30,2022-02-19,9
30,2022-02-26,15
30,2022-03-05,19
30,2022-03-12,15
30,2022-03-19,17
30,2022-03-26,21
30,2022-04-02,36
30,2022-04-09,18
30,2022-04-16,18
30,2022-04-23,19
30,2022-04-30,17
30,2022-05-07,21
30,2022-05-14,11
30,2022-05-21,7
30,2022-05-28,14
30,2022-06-04,22
30,2022-06-11,10
30,2022-06-18,1
30,2022-06-25,0
30,2022-07-02,4
30,2022-07-09,3
30,2022-07-16,1
30,2022-07-23,0
30,2022-07-30,0
30,2022-08-06,0
30,2022-08-13,0
30,2022-08-20,1
30,2022-08-27,0
30,2022-09-03,0
30,2022-09-10,0
30,2022-09-17,1
30,2022-09-24,0
30,2022-10-01,2
30,2022-10-08,0
30,2022-10-15,0
30,2022-10-22,0
30,2022-10-29,5
30,2022-11-05,5
30,2022-11-12,12
30,2022-11-19,12
30,2022-11-26,50
30,2022-12-03,71
30,2022-12-10,104
30,2022-12-17,96
30,2022-12-24,64
30,2022-12-31,86
31,2021-01-02,0
31,2021-01-09,2
31,2021-01-16,2
31,2021-01-23,1
31,2021-01-30,1
31,2021-02-06,1
31,2021-02-13,0
31,2021-02-20,5
31,2021-02-27,6
31,2021-03-06,2
31,2021-03-13,2
31,2021-03-20,0
31,2021-03-27,1
31,2021-04-03,2
31,2021-04-10,0
31,2021-04-17,0
31,2021-04-24,0
31,2021-05-01,0
31,2021-05-08,0
31,2021-05-15,0
31,2021-05-22,3
31,2021-05-29,0
31,2021-06-05,0
31,2021-06-12,0
31,2021-06-19,0
31,2021-06-26,0
31,2021-07-03,0
31,2021-07-10,0
31,2021-07-17,0
31,2021-07-24,0
31,2021-07-31,0
31,2021-08-07,0
31,2021-08-14,0
31,2021-08-21,0
31,2021-08-28,1
31,2021-09-04,0
31,2021-09-11,2
31,2021-09-18,0
31,2021-09-25,1
31,2021-10-02,0
31,2021-10-09,1
31,2021-10-16,0
31,2021-10-23,0
31,2021-10-30,0
31,2021-11-06,0
31,2021-11-13,0
31,2021-11-20,0
31,2021-11-27,5
31,2021-12-04,19
31,2021-12-11,18
31,2021-12-18,13
31,2021-12-25,30
31,2022-01-01,45
31,2022-01-08,32
31,2022-01-15,24
31,2022-01-22,19
31,2022-01-29,29
31,2022-02-05,30
31,2022-02-12,29
31,2022-02-19,34
31,2022-02-26,36
31,2022-03-05,60
31,2022-03-12,39
31,2022-03-19,70
31,2022-03-26,50
31,2022-04-02,22
31,2022-04-09,35
31,2022-04-16,29
31,2022-04-23,19
31,2022-04-30,14
31,2022-05-07,4
31,2022-05-14,4
31,2022-05-21,7
31,2022-05-28,3
31,2022-06-04,9
31,2022-06-11,6
31,2022-06-18,3
31,2022-06-25,7
31,2022-07-02,8
31,2022-07-09,8
31,2022-07-16,4
31,2022-07-23,1
31,2022-07-30,4
31,2022-08-06,2
31,2022-08-13,0
31,2022-08-20,7
31,2022-08-27,8
31,2022-09-03,8
31,2022-09-10,4
31,2022-09-17,7
31,2022-09-24,9
31,2022-10-01,11
31,2022-10-08,22
31,2022-10-15,9
31,2022-10-22,14
31,2022-10-29,16
31,2022-11-05,28
31,2022-11-12,21
31,2022-11-19,43
31,2022-11-26,62
31,2022-12-03,97
31,2022-12-10,133
31,2022-12-17,173
31,2022-12-24,137
31,2022-12-31,135
32,2021-01-02,15
32,2021-01-09,6
32,2021-01-16,12
32,2021-01-23,2
32,2021-01-30,3
32,2021-02-06,4
32,2021-02-13,0
32,2021-02-20,4
32,2021-02-27,7
32,2021-03-06,8
32,2021-03-13,3
32,2021-03-20,7
32,2021-03-27,1
32,2021-04-03,3
32,2021-04-10,1
32,2021-04-17,5
32,2021-04-24,5
32,2021-05-01,6
32,2021-05-08,2
32,2021-05-15,1
32,2021-05-22,0
32,2021-05-29,1
32,2021-06-05,0
32,2021-06-12,2
32,2021-06-19,7
32,2021-06-26,2
32,2021-07-03,1
32,2021-07-10,2
32,2021-07-17,4
32,2021-07-24,1
32,2021-07-31,0
32,2021-08-07,0
32,2021-08-14,4
32,2021-08-21,2
32,2021-08-28,5
32,2021-09-04,0
32,2021-09-11,1
32,2021-09-18,2
32,2021-09-25,1
32,2021-10-02,5
32,2021-10-09,5
32,2021-10-16,6
32,2021-10-23,4
32,2021-10-30,2
32,2021-11-06,5
32,2021-11-13,6
32,2021-11-20,9
32,2021-11-27,8
32,2021-12-04,7
32,2021-12-11,6
32,2021-12-18,3
32,2021-12-25,9
32,2022-01-01,8
32,2022-01-08,17
32,2022-01-15,3
32,2022-01-22,5
32,2022-01-29,9
32,2022-02-05,4
32,2022-02-12,6
32,2022-02-19,8
32,2022-02-26,9
32,2022-03-05,20
32,2022-03-12,25
32,2022-03-19,37
32,2022-03-26,43
32,2022-04-02,59
32,2022-04-09,96
32,2022-04-16,73
32,2022-04-23,76
32,2022-04-30,53
32,2022-05-07,44
32,2022-05-14,81
32,2022-05-21,85
32,2022-05-28,76
32,2022-06-04,64
32,2022-06-11,86
32,2022-06-18,48
32,2022-06-25,30
32,2022-07-02,24
32,2022-07-09,18
32,2022-07-16,16
32,2022-07-23,3
32,2022-07-30,6
32,2022-08-06,1
32,2022-08-13,1
32,2022-08-20,2
32,2022-08-27,7
32,2022-09-03,3
32,2022-09-10,6
32,2022-09-17,8
32,2022-09-24,9
32,2022-10-01,14
32,2022-10-08,37
32,2022-10-15,8
32,2022-10-22,14
32,2022-10-29,12
32,2022-11-05,31
32,2022-11-12,80
32,2022-11-19,157
32,2022-11-26,252
32,2022-12-03,397
32,2022-12-10,366
32,2022-12-17,234
32,2022-12-24,233
32,2022-12-31,169
33,2021-01-02,7
33,2021-01-09,0
33,2021-01-16,0
33,2021-01-23,1
33,2021-01-30,1
33,2021-02-06,0
33,2021-02-13,1
33,2021-02-20,1
33,2021-02-27,0
33,2021-03-06,0
33,2021-03-13,0
33,2021-03-20,0
33,2021-03-27,1
33,2021-04-03,0
33,2021-04-10,1
33,2021-04-17,1
33,2021-04-24,1
33,2021-05-01,0
33,2021-05-08,3
33,2021-05-15,0
33,2021-05-22,0
33,2021-05-29,0
33,2021-06-05,0
33,2021-06-12,0
33,2021-06-19,5
33,2021-06-26,0
33,2021-07-03,0
33,2021-07-10,0
33,2021-07-17,0
33,2021-07-24,0
33,2021-07-31,0
33,2021-08-07,1
33,2021-08-14,0
33,2021-08-21,0
33,2021-08-28,0
33,2021-09-04,0
33,2021-09-11,0
33,2021-09-18,0
33,2021-09-25,1
33,2021-10-02,1
33,2021-10-09,0
33,2021-10-16,2
33,2021-10-23,1
33,2021-10-30,3
33,2021-11-06,0
33,2021-11-13,2
33,2021-11-20,0
33,2021-11-27,3
33,2021-12-04,0
33,2021-12-11,6
33,2021-12-18,11
33,2021-12-25,5
33,2022-01-01,8
33,2022-01-08,2
33,2022-01-15,10
33,2022-01-22,5
33,2022-01-29,1
33,2022-02-05,1
33,2022-02-12,11
33,2022-02-19,7
33,2022-02-26,4
33,2022-03-05,3
33,2022-03-12,17
33,2022-03-19,8
33,2022-03-26,9
33,2022-04-02,9
33,2022-04-09,16
33,2022-04-16,19
33,2022-04-23,32
33,2022-04-30,30
33,2022-05-07,26
33,2022-05-14,15
33,2022-05-21,14
33,2022-05-28,10
33,2022-06-04,8
33,2022-06-11,4
33,2022-06-18,2
33,2022-06-25,1
33,2022-07-02,3
33,2022-07-09,1
33,2022-07-16,0
33,2022-07-23,2
33,2022-07-30,2
33,2022-08-06,1
33,2022-08-13,1
33,2022-08-20,0
33,2022-08-27,0
33,2022-09-03,0
33,2022-09-10,0
33,2022-09-17,3
33,2022-09-24,2
33,2022-10-01,0
33,2022-10-08,0
33,2022-10-15,0
33,2022-10-22,1
33,2022-10-29,0
33,2022-11-05,3
33,2022-11-12,5
33,2022-11-19,7
33,2022-11-26,12
33,2022-12-03,36
33,2022-12-10,73
33,2022-12-17,87
33,2022-12-24,120
33,2022-12-31,141
34,2021-01-02,17
34,2021-01-09,14
34,2021-01-16,6
34,2021-01-23,14
34,2021-01-30,11
34,2021-02-06,9
34,2021-02-13,14
34,2021-02-20,14
34,2021-02-27,10
34,2021-03-06,6
34,2021-03-13,10
34,2021-03-20,18
34,2021-03-27,6
34,2021-04-03,11
34,2021-04-10,8
34,2021-04-17,11
34,2021-04-24,14
34,2021-05-01,5
34,2021-05-08,8
34,2021-05-15,28
34,2021-05-22,4
34,2021-05-29,3
34,2021-06-05,2
34,2021-06-12,11
34,2021-06-19,18
34,2021-06-26,2
34,2021-07-03,8
34,2021-07-10,8
34,2021-07-17,2
34,2021-07-24,9
34,2021-07-31,5
34,2021-08-07,5
34,2021-08-14,5
34,2021-08-21,5
34,2021-08-28,5
34,2021-09-04,4
34,2021-09-11,6
34,2021-09-18,3
34,2021-09-25,7
34,2021-10-02,11
34,2021-10-09,6
34,2021-10-16,2
34,2021-10-23,12
34,2021-10-30,3
34,2021-11-06,5
34,2021-11-13,9
34,2021-11-20,18
34,2021-11-27,24
34,2021-12-04,41
34,2021-12-11,48
34,2021-12-18,72
34,2021-12-25,56
34,2022-01-01,56
34,2022-01-08,41
34,2022-01-15,36
34,2022-01-22,15
34,2022-01-29,21
34,2022-02-05,27
34,2022-02-12,25
34,2022-02-19,32
34,2022-02-26,35
34,2022-03-05,41
34,2022-03-12,39
34,2022-03-19,52
34,2022-03-26,63
34,2022-04-02,94
34,2022-04-09,152
34,2022-04-16,130
34,2022-04-23,131
34,2022-04-30,129
34,2022-05-07,116
34,2022-05-14,108
34,2022-05-21,82
34,2022-05-28,79
34,2022-06-04,48
34,2022-06-11,50
34,2022-06-18,49
34,2022-06-25,17
34,2022-07-02,17
34,2022-07-09,18
34,2022-07-16,20
34,2022-07-23,7
34,2022-07-30,10
34,2022-08-06,19
34,2022-08-13,6
34,2022-08-20,15
34,2022-08-27,12
34,2022-09-03,9
34,2022-09-10,13
34,2022-09-17,9
34,2022-09-24,19
34,2022-10-01,17
34,2022-10-08,28
34,2022-10-15,31
34,2022-10-22,32
34,2022-10-29,76
34,2022-11-05,183
34,2022-11-12,309
34,2022-11-19,324
34,2022-11-26,581
34,2022-12-03,892
34,2022-12-10,738
34,2022-12-17,599
34,2022-12-24,523
34,2022-12-31,505
35,2021-01-02,1
35,2021-01-09,3
35,2021-01-16,16
35,2021-01-23,2
35,2021-01-30,2
35,2021-02-06,10
35,2021-02-13,3
35,2021-02-20,1
35,2021-02-27,2
35,2021-03-06,0
35,2021-03-13,0
35,2021-03-20,1
35,2021-03-27,0
35,2021-04-03,0
35,2021-04-10,8
35,2021-04-17,0
35,2021-04-24,0
35,2021-05-01,0
35,2021-05-08,0
35,2021-05-15,0
35,2021-05-22,1
35,2021-05-29,0
35,2021-06-05,9
35,2021-06-12,6
35,2021-06-19,6
35,2021-06-26,0
35,2021-07-03,0
35,2021-07-10,0
35,2021-07-17,2
35,2021-07-24,2
35,2021-07-31,2
35,2021-08-07,5
35,2021-08-14,1
35,2021-08-21,0
35,2021-08-28,0
35,2021-09-04,3
35,2021-09-11,0
35,2021-09-18,0
35,2021-09-25,3
35,2021-10-02,4
35,2021-10-09,2
35,2021-10-16,2
35,2021-10-23,4
35,2021-10-30,3
35,2021-11-06,1
35,2021-11-13,6
35,2021-11-20,1
35,2021-11-27,3
35,2021-12-04,6
35,2021-12-11,2
35,2021-12-18,4
35,2021-12-25,5
35,2022-01-01,3
35,2022-01-08,3
35,2022-01-15,2
35,2022-01-22,0
35,2022-01-29,0
35,2022-02-05,12
35,2022-02-12,7
35,2022-02-19,8
35,2022-02-26,3
35,2022-03-05,6
35,2022-03-12,8
35,2022-03-19,17
35,2022-03-26,43
35,2022-04-02,40
35,2022-04-09,42
35,2022-04-16,28
35,2022-04-23,48
35,2022-04-30,55
35,2022-05-07,69
35,2022-05-14,34
35,2022-05-21,69
35,2022-05-28,50
35,2022-06-04,54
35,2022-06-11,27
35,2022-06-18,16
35,2022-06-25,8
35,2022-07-02,14
35,2022-07-09,0
35,2022-07-16,6
35,2022-07-23,5
35,2022-07-30,3
35,2022-08-06,6
35,2022-08-13,7
35,2022-08-20,7
35,2022-08-27,6
35,2022-09-03,21
35,2022-09-10,7
35,2022-09-17,4
35,2022-09-24,9
35,2022-10-01,12
35,2022-10-08,27
35,2022-10-15,22
35,2022-10-22,29
35,2022-10-29,56
35,2022-11-05,97
35,2022-11-12,154
35,2022-11-19,159
35,2022-11-26,190
35,2022-12-03,371
35,2022-12-10,417
35,2022-12-17,346
35,2022-12-24,345
35,2022-12-31,269
36,2021-01-02,20
36,2021-01-09,10
36,2021-01-16,23
36,2021-01-23,19
36,2021-01-30,26
36,2021-02-06,22
36,2021-02-13,13
36,2021-02-20,21
36,2021-02-27,13
36,2021-03-06,15
36,2021-03-13,14
36,2021-03-20,13
36,2021-03-27,15
36,2021-04-03,25
36,2021-04-10,27
36,2021-04-17,20
36,2021-04-24,20
36,2021-05-01,17
36,2021-05-08,11
36,2021-05-15,19
36,2021-05-22,14
36,2021-05-29,16
36,2021-06-05,14
36,2021-06-12,5
36,2021-06-19,1
36,2021-06-26,0
36,2021-07-03,2
36,2021-07-10,1
36,2021-07-17,3
36,2021-07-24,1
36,2021-07-31,0
36,2021-08-07,8
36,2021-08-14,7
36,2021-08-21,7
36,2021-08-28,8
36,2021-09-04,8
36,2021-09-11,9
36,2021-09-18,7
36,2021-09-25,9
36,2021-10-02,9
36,2021-10-09,10
36,2021-10-16,8
36,2021-10-23,9
36,2021-10-30,14
36,2021-11-06,19
36,2021-11-13,14
36,2021-11-20,24
36,2021-11-27,24
36,2021-12-04,47
36,2021-12-11,82
36,2021-12-18,83
36,2021-12-25,66
36,2022-01-01,78
36,2022-01-08,42
36,2022-01-15,47
36,2022-01-22,22
36,2022-01-29,17
36,2022-02-05,18
36,2022-02-12,34
36,2022-02-19,30
36,2022-02-26,38
36,2022-03-05,56
36,2022-03-12,57
36,2022-03-19,101
36,2022-03-26,87
36,2022-04-02,180
36,2022-04-09,191
36,2022-04-16,245
36,2022-04-23,302
36,2022-04-30,265
36,2022-05-07,239
36,2022-05-14,201
36,2022-05-21,177
36,2022-05-28,169
36,2022-06-04,119
36,2022-06-11,102
36,2022-06-18,89
36,2022-06-25,63
36,2022-07-02,43
36,2022-07-09,35
36,2022-07-16,36
36,2022-07-23,12
36,2022-07-30,15
36,2022-08-06,11
36,2022-08-13,10
36,2022-08-20,19
36,2022-08-27,26
36,2022-09-03,21
36,2022-09-10,14
36,2022-09-17,20
36,2022-09-24,12
36,2022-10-01,29
36,2022-10-08,38
36,2022-10-15,49
36,2022-10-22,49
36,2022-10-29,107
36,2022-11-05,206
36,2022-11-12,300
36,2022-11-19,508
36,2022-11-26,871
36,2022-12-03,1350
36,2022-12-10,1531
36,2022-12-17,1745
36,2022-12-24,1477
36,2022-12-31,1266
37,2021-01-02,18
37,2021-01-09,11
37,2021-01-16,13
37,2021-01-23,3
37,2021-01-30,11
37,2021-02-06,8
37,2021-02-13,13
37,2021-02-20,10
37,2021-02-27,5
37,2021-03-06,2
37,2021-03-13,5
37,2021-03-20,5
37,2021-03-27,3
37,2021-04-03,0
37,2021-04-10,8
37,2021-04-17,15
37,2021-04-24,61
37,2021-05-01,105
37,2021-05-08,30
37,2021-05-15,13
37,2021-05-22,11
37,2021-05-29,6
37,2021-06-05,6
37,2021-06-12,10
37,2021-06-19,5
37,2021-06-26,7
37,2021-07-03,5
37,2021-07-10,3
37,2021-07-17,8
37,2021-07-24,8
37,2021-07-31,10
37,2021-08-07,5
37,2021-08-14,15
37,2021-08-21,10
37,2021-08-28,4
37,2021-09-04,6
37,2021-09-11,15
37,2021-09-18,11
37,2021-09-25,8
37,2021-10-02,14
37,2021-10-09,14
37,2021-10-16,24
37,2021-10-23,36
37,2021-10-30,48
37,2021-11-06,38
37,2021-11-13,4
37,2021-11-20,3
37,2021-11-27,24
37,2021-12-04,22
37,2021-12-11,42
37,2021-12-18,45
37,2021-12-25,98
37,2022-01-01,180
37,2022-01-08,174
37,2022-01-15,114
37,2022-01-22,47
37,2022-01-29,25
37,2022-02-05,30
37,2022-02-12,32
37,2022-02-19,32
37,2022-02-26,36
37,2022-03-05,54
37,2022-03-12,52
37,2022-03-19,15
37,2022-03-26,25
37,2022-04-02,37
37,2022-04-09,45
37,2022-04-16,53
37,2022-04-23,56
37,2022-04-30,60
37,2022-05-07,51
37,2022-05-14,47
37,2022-05-21,54
37,2022-05-28,34
37,2022-06-04,30
37,2022-06-11,45
37,2022-06-18,73
37,2022-06-25,48
37,2022-07-02,41
37,2022-07-09,19
37,2022-07-16,41
37,2022-07-23,41
37,2022-07-30,8
37,2022-08-06,2
37,2022-08-13,12
37,2022-08-20,13
37,2022-08-27,13
37,2022-09-03,8
37,2022-09-10,14
37,2022-09-17,17
37,2022-09-24,13
37,2022-10-01,21
37,2022-10-08,22
37,2022-10-15,32
37,2022-10-22,79
37,2022-10-29,211
37,2022-11-05,281
37,2022-11-12,371
37,2022-11-19,369
37,2022-11-26,467
37,2022-12-03,600
37,2022-12-10,385
37,2022-12-17,316
37,2022-12-24,297
37,2022-12-31,306
38,2021-01-02,0
38,2021-01-09,1
38,2021-01-16,1
38,2021-01-23,0
38,2021-01-30,1
38,2021-02-06,0
38,2021-02-13,0
38,2021-02-20,0
38,2021-02-27,0
38,2021-03-06,0
38,2021-03-13,0
38,2021-03-20,0
38,2021-03-27,0
38,2021-04-03,0
38,2021-04-10,1
38,2021-04-17,0
38,2021-04-24,0
38,2021-05-01,0
38,2021-05-08,0
38,2021-05-15,1
38,2021-05-22,0
38,2021-05-29,1
38,2021-06-05,0
38,2021-06-12,0
38,2021-06-19,1
38,2021-06-26,3
38,2021-07-03,0
38,2021-07-10,4
38,2021-07-17,2
38,2021-07-24,1
38,2021-07-31,3
38,2021-08-07,3
38,2021-08-14,3
38,2021-08-21,1
38,2021-08-28,3
38,2021-09-04,2
38,2021-09-11,6
38,2021-09-18,3
38,2021-09-25,0
38,2021-10-02,1
38,2021-10-09,1
38,2021-10-16,2
38,2021-10-23,0
38,2021-10-30,3
38,2021-11-06,1
38,2021-11-13,3
38,2021-11-20,1
38,2021-11-27,5
38,2021-12-04,7
38,2021-12-11,3
38,2021-12-18,7
38,2021-12-25,14
38,2022-01-01,46
38,2022-01-08,39
38,2022-01-15,31
38,2022-01-22,22
38,2022-01-29,13
38,2022-02-05,16
38,2022-02-12,5
38,2022-02-19,5
38,2022-02-26,0
38,2022-03-05,2
38,2022-03-12,6
38,2022-03-19,4
38,2022-03-26,5
38,2022-04-02,3
38,2022-04-09,5
38,2022-04-16,7
38,2022-04-23,5
38,2022-04-30,2
38,2022-05-07,1
38,2022-05-14,1
38,2022-05-21,1
38,2022-05-28,0
38,2022-06-04,3
38,2022-06-11,2
38,2022-06-18,0
38,2022-06-25,0
38,2022-07-02,0
38,2022-07-09,0
38,2022-07-16,1
38,2022-07-23,2
38,2022-07-30,0
38,2022-08-06,2
38,2022-08-13,2
38,2022-08-20,0
38,2022-08-27,0
38,2022-09-03,5
38,2022-09-10,0
38,2022-09-17,0
38,2022-09-24,1
38,2022-10-01,0
38,2022-10-08,0
38,2022-10-15,2
38,2022-10-22,1
38,2022-10-29,2
38,2022-11-05,5
38,2022-11-12,10
38,2022-11-19,12
38,2022-11-26,28
38,2022-12-03,49
38,2022-12-10,59
38,2022-12-17,95
38,2022-12-24,70
38,2022-12-31,81
39,2021-01-02,20
39,2021-01-09,11
39,2021-01-16,5
39,2021-01-23,13
39,2021-01-30,7
39,2021-02-06,5
39,2021-02-13,12
39,2021-02-20,20
39,2021-02-27,17
39,2021-03-06,13
39,2021-03-13,11
39,2021-03-20,4
39,2021-03-27,13
39,2021-04-03,7
39,2021-04-10,0
39,2021-04-17,10
39,2021-04-24,3
39,2021-05-01,2
39,2021-05-08,1
39,2021-05-15,2
39,2021-05-22,1
39,2021-05-29,3
39,2021-06-05,0
39,2021-06-12,4
39,2021-06-19,2
39,2021-06-26,0
39,2021-07-03,7
39,2021-07-10,0
39,2021-07-17,0
39,2021-07-24,0
39,2021-07-31,10
39,2021-08-07,29
39,2021-08-14,1
39,2021-08-21,3
39,2021-08-28,3
39,2021-09-04,1
39,2021-09-11,4
39,2021-09-18,6
39,2021-09-25,4
39,2021-10-02,11
39,2021-10-09,8
39,2021-10-16,8
39,2021-10-23,12
39,2021-10-30,11
39,2021-11-06,15
39,2021-11-13,11
39,2021-11-20,9
39,2021-11-27,17
39,2021-12-04,44
39,2021-12-11,43
39,2021-12-18,77
39,2021-12-25,91
39,2022-01-01,180
39,2022-01-08,85
39,2022-01-15,68
39,2022-01-22,24
39,2022-01-29,37
39,2022-02-05,20
39,2022-02-12,29
39,2022-02-19,41
39,2022-02-26,33
39,2022-03-05,50
39,2022-03-12,86
39,2022-03-19,104
39,2022-03-26,106
39,2022-04-02,100
39,2022-04-09,135
39,2022-04-16,123
39,2022-04-23,136
39,2022-04-30,100
39,2022-05-07,104
39,2022-05-14,82
39,2022-05-21,61
39,2022-05-28,47
39,2022-06-04,41
39,2022-06-11,25
39,2022-06-18,24
39,2022-06-25,12
39,2022-07-02,18
39,2022-07-09,4
39,2022-07-16,8
39,2022-07-23,12
39,2022-07-30,7
39,2022-08-06,3
39,2022-08-13,1
39,2022-08-20,12
39,2022-08-27,14
39,2022-09-03,13
39,2022-09-10,16
39,2022-09-17,5
39,2022-09-24,12
39,2022-10-01,17
39,2022-10-08,18
39,2022-10-15,32
39,2022-10-22,39
39,2022-10-29,115
39,2022-11-05,211
39,2022-11-12,244
39,2022-11-19,329
39,2022-11-26,646
39,2022-12-03,966
39,2022-12-10,952
39,2022-12-17,979
39,2022-12-24,785
39,2022-12-31,696
40,2021-01-02,22
40,2021-01-09,18
40,2021-01-16,7
40,2021-01-23,3
40,2021-01-30,12
40,2021-02-06,12
40,2021-02-13,9
40,2021-02-20,9
40,2021-02-27,13
40,2021-03-06,15
40,2021-03-13,3
40,2021-03-20,9
40,2021-03-27,7
40,2021-04-03,13
40,2021-04-10,13
40,2021-04-17,7
40,2021-04-24,6
40,2021-05-01,4
40,2021-05-08,15
40,2021-05-15,7
40,2021-05-22,8
40,2021-05-29,20
40,2021-06-05,10
40,2021-06-12,11
40,2021-06-19,6
40,2021-06-26,6
40,2021-07-03,5
40,2021-07-10,6
40,2021-07-17,17
40,2021-07-24,7
40,2021-07-31,12
40,2021-08-07,22
40,2021-08-14,8
40,2021-08-21,4
40,2021-08-28,10
40,2021-09-04,10
40,2021-09-11,13
40,2021-09-18,8
40,2021-09-25,9
40,2021-10-02,4
40,2021-10-09,20
40,2021-10-16,16
40,2021-10-23,12
40,2021-10-30,6
40,2021-11-06,7
40,2021-11-13,15
40,2021-11-20,14
40,2021-11-27,14
40,2021-12-04,21
40,2021-12-11,36
40,2021-12-18,38
40,2021-12-25,85
40,2022-01-01,151
40,2022-01-08,122
40,2022-01-15,94
40,2022-01-22,33
40,2022-01-29,38
40,2022-02-05,59
40,2022-02-12,70
40,2022-02-19,78
40,2022-02-26,81
40,2022-03-05,95
40,2022-03-12,129
40,2022-03-19,167
40,2022-03-26,163
40,2022-04-02,164
40,2022-04-09,117
40,2022-04-16,107
40,2022-04-23,76
40,2022-04-30,43
40,2022-05-07,35
40,2022-05-14,51
40,2022-05-21,36
40,2022-05-28,35
40,2022-06-04,37
40,2022-06-11,26
40,2022-06-18,28
40,2022-06-25,30
40,2022-07-02,25
40,2022-07-09,26
40,2022-07-16,22
40,2022-07-23,6
40,2022-07-30,6
40,2022-08-06,24
40,2022-08-13,9
40,2022-08-20,7
40,2022-08-27,10
40,2022-09-03,9
40,2022-09-10,10
40,2022-09-17,9
40,2022-09-24,8
40,2022-10-01,6
40,2022-10-08,7
40,2022-10-15,17
40,2022-10-22,36
40,2022-10-29,59
40,2022-11-05,46
40,2022-11-12,85
40,2022-11-19,177
40,2022-11-26,426
40,2022-12-03,829
40,2022-12-10,871
40,2022-12-17,763
40,2022-12-24,679
40,2022-12-31,701
41,2021-01-02,0
41,2021-01-09,0
41,2021-01-16,0
41,2021-01-23,0
41,2021-01-30,0
41,2021-02-06,0
41,2021-02-13,1
41,2021-02-20,0
41,2021-02-27,1
41,2021-03-06,0
41,2021-03-13,0
41,2021-03-20,0
41,2021-03-27,0
41,2021-04-03,0
41,2021-04-10,0
41,2021-04-17,0
41,2021-04-24,0
41,2021-05-01,1
41,2021-05-08,0
41,2021-05-15,0
41,2021-05-22,0
41,2021-05-29,1
41,2021-06-05,0
41,2021-06-12,0
41,2021-06-19,1
41,2021-06-26,0
41,2021-07-03,1
41,2021-07-10,1
41,2021-07-17,0
41,2021-07-24,0
41,2021-07-31,0
41,2021-08-07,0
41,2021-08-14,0
41,2021-08-21,7
41,2021-08-28,0
41,2021-09-04,0
41,2021-09-11,2
41,2021-09-18,2
41,2021-09-25,0
41,2021-10-02,2
41,2021-10-09,4
41,2021-10-16,1
41,2021-10-23,1
41,2021-10-30,0
41,2021-11-06,0
41,2021-11-13,0
41,2021-11-20,1
41,2021-11-27,7
41,2021-12-04,3
41,2021-12-11,6
41,2021-12-18,7
41,2021-12-25,3
41,2022-01-01,8
41,2022-01-08,3
41,2022-01-15,5
41,2022-01-22,4
41,2022-01-29,4
41,2022-02-05,1
41,2022-02-12,2
41,2022-02-19,6
41,2022-02-26,3
41,2022-03-05,2
41,2022-03-12,9
41,2022-03-19,19
41,2022-03-26,23
41,2022-04-02,10
41,2022-04-09,15
41,2022-04-16,15
41,2022-04-23,29
41,2022-04-30,20
41,2022-05-07,30
41,2022-05-14,30
41,2022-05-21,38
41,2022-05-28,29
41,2022-06-04,29
41,2022-06-11,16
41,2022-06-18,12
41,2022-06-25,7
41,2022-07-02,2
41,2022-07-09,0
41,2022-07-16,7
41,2022-07-23,1
41,2022-07-30,2
41,2022-08-06,0
41,2022-08-13,2
41,2022-08-20,0
41,2022-08-27,0
41,2022-09-03,0
41,2022-09-10,1
41,2022-09-17,1
41,2022-09-24,1
41,2022-10-01,1
41,2022-10-08,1
41,2022-10-15,2
41,2022-10-22,6
41,2022-10-29,5
41,2022-11-05,46
41,2022-11-12,45
41,2022-11-19,129
41,2022-11-26,406
41,2022-12-03,546
41,2022-12-10,698
41,2022-12-17,649
41,2022-12-24,442
41,2022-12-31,342
42,2021-01-02,20
42,2021-01-09,26
42,2021-01-16,23
42,2021-01-23,19
42,2021-01-30,16
42,2021-02-06,21
42,2021-02-13,23
42,2021-02-20,9
42,2021-02-27,12
42,2021-03-06,6
42,2021-03-13,11
42,2021-03-20,17
42,2021-03-27,9
42,2021-04-03,11
42,2021-04-10,17
42,2021-04-17,13
42,2021-04-24,10
42,2021-05-01,9
42,2021-05-08,18
42,2021-05-15,9
42,2021-05-22,14
42,2021-05-29,26
42,2021-06-05,11
42,2021-06-12,22
42,2021-06-19,9
42,2021-06-26,13
42,2021-07-03,11
42,2021-07-10,10
42,2021-07-17,8
42,2021-07-24,15
42,2021-07-31,15
42,2021-08-07,17
42,2021-08-14,10
42,2021-08-21,12
42,2021-08-28,12
42,2021-09-04,23
42,2021-09-11,12
42,2021-09-18,20
42,2021-09-25,10
42,2021-10-02,24
42,2021-10-09,24
42,2021-10-16,29
42,2021-10-23,29
42,2021-10-30,26
42,2021-11-06,17
42,2021-11-13,22
42,2021-11-20,30
42,2021-11-27,31
42,2021-12-04,68
42,2021-12-11,87
42,2021-12-18,80
42,2021-12-25,97
42,2022-01-01,119
42,2022-01-08,93
42,2022-01-15,67
42,2022-01-22,42
42,2022-01-29,33
42,2022-02-05,47
42,2022-02-12,60
42,2022-02-19,96
42,2022-02-26,82
42,2022-03-05,77
42,2022-03-12,82
42,2022-03-19,120
42,2022-03-26,113
42,2022-04-02,153
42,2022-04-09,207
42,2022-04-16,207
42,2022-04-23,213
42,2022-04-30,169
42,2022-05-07,156
42,2022-05-14,186
42,2022-05-21,151
42,2022-05-28,85
42,2022-06-04,63
42,2022-06-11,55
42,2022-06-18,43
42,2022-06-25,38
42,2022-07-02,44
42,2022-07-09,40
42,2022-07-16,25
42,2022-07-23,37
42,2022-07-30,28
42,2022-08-06,28
42,2022-08-13,30
42,2022-08-20,44
42,2022-08-27,29
42,2022-09-03,40
42,2022-09-10,35
42,2022-09-17,29
42,2022-09-24,35
42,2022-10-01,53
42,2022-10-08,59
42,2022-10-15,76
42,2022-10-22,97
42,2022-10-29,179
42,2022-11-05,238
42,2022-11-12,366
42,2022-11-19,438
42,2022-11-26,825
42,2022-12-03,1330
42,2022-12-10,1180
42,2022-12-17,1037
42,2022-12-24,1024
42,2022-12-31,1049
44,2021-01-02,0
44,2021-01-09,0
44,2021-01-16,0
44,2021-01-23,0
44,2021-01-30,0
44,2021-02-06,0
44,2021-02-13,0
44,2021-02-20,0
44,2021-02-27,0
44,2021-03-06,0
44,2021-03-13,0
44,2021-03-20,0
44,2021-03-27,0
44,2021-04-03,0
44,2021-04-10,0
44,2021-04-17,0
44,2021-04-24,0
44,2021-05-01,0
44,2021-05-08,0
44,2021-05-15,0
44,2021-05-22,0
44,2021-05-29,0
44,2021-06-05,0
44,2021-06-12,0
44,2021-06-19,0
44,2021-06-26,0
44,2021-07-03,0
44,2021-07-10,0
44,2021-07-17,0
44,2021-07-24,0
44,2021-07-31,0
44,2021-08-07,0
44,2021-08-14,0
44,2021-08-21,0
44,2021-08-28,0
44,2021-09-04,0
44,2021-09-11,0
44,2021-09-18,0
44,2021-09-25,0
44,2021-10-02,0
44,2021-10-09,0
44,2021-10-16,1
44,2021-10-23,0
44,2021-10-30,1
44,2021-11-06,1
44,2021-11-13,0
44,2021-11-20,0
44,2021-11-27,0
44,2021-12-04,3
44,2021-12-11,3
44,2021-12-18,1
44,2021-12-25,4
44,2022-01-01,3
44,2022-01-08,2
44,2022-01-15,1
44,2022-01-22,1
44,2022-01-29,2
44,2022-02-05,0
44,2022-02-12,0
44,2022-02-19,1
44,2022-02-26,0
44,2022-03-05,2
44,2022-03-12,0
44,2022-03-19,1
44,2022-03-26,1
44,2022-04-02,3
44,2022-04-09,6
44,2022-04-16,10
44,2022-04-23,8
44,2022-04-30,5
44,2022-05-07,6
44,2022-05-14,10
44,2022-05-21,5
44,2022-05-28,6
44,2022-06-04,6
44,2022-06-11,2
44,2022-06-18,1
44,2022-06-25,1
44,2022-07-02,0
44,2022-07-09,0
44,2022-07-16,1
44,2022-07-23,0
44,2022-07-30,0
44,2022-08-06,0
44,2022-08-13,0
44,2022-08-20,0
44,2022-08-27,0
44,2022-09-03,0
44,2022-09-10,0
44,2022-09-17,0
44,2022-09-24,0
44,2022-10-01,1
44,2022-10-08,1
44,2022-10-15,0
44,2022-10-22,2
44,2022-10-29,0
44,2022-11-05,3
44,2022-11-12,6
44,2022-11-19,3
44,2022-11-26,16
44,2022-12-03,26
44,2022-12-10,50
44,2022-12-17,47
44,2022-12-24,62
44,2022-12-31,51
45,2021-01-02,39
45,2021-01-09,19
45,2021-01-16,7
45,2021-01-23,5
45,2021-01-30,14
45,2021-02-06,6
45,2021-02-13,8
45,2021-02-20,17
45,2021-02-27,14
45,2021-03-06,16
45,2021-03-13,6
45,2021-03-20,9
45,2021-03-27,21
45,2021-04-03,6
45,2021-04-10,3
45,2021-04-17,20
45,2021-04-24,7
45,2021-05-01,3
45,2021-05-08,7
45,2021-05-15,4
45,2021-05-22,7
45,2021-05-29,10
45,2021-06-05,17
45,2021-06-12,5
45,2021-06-19,0
45,2021-06-26,0
45,2021-07-03,0
45,2021-07-10,5
45,2021-07-17,0
45,2021-07-24,7
45,2021-07-31,8
45,2021-08-07,3
45,2021-08-14,7
45,2021-08-21,9
45,2021-08-28,5
45,2021-09-04,1
45,2021-09-11,4
45,2021-09-18,3
45,2021-09-25,2
45,2021-10-02,5
45,2021-10-09,6
45,2021-10-16,7
45,2021-10-23,6
45,2021-10-30,12
45,2021-11-06,11
45,2021-11-13,16
45,2021-11-20,14
45,2021-11-27,10
45,2021-12-04,16
45,2021-12-11,21
45,2021-12-18,21
45,2021-12-25,36
45,2022-01-01,50
45,2022-01-08,20
45,2022-01-15,17
45,2022-01-22,10
45,2022-01-29,10
45,2022-02-05,23
45,2022-02-12,20
45,2022-02-19,21
45,2022-02-26,27
45,2022-03-05,23
45,2022-03-12,21
45,2022-03-19,23
45,2022-03-26,15
45,2022-04-02,23
45,2022-04-09,32
45,2022-04-16,31
45,2022-04-23,36
45,2022-04-30,40
45,2022-05-07,23
45,2022-05-14,36
45,2022-05-21,44
45,2022-05-28,35
45,2022-06-04,32
45,2022-06-11,32
45,2022-06-18,29
45,2022-06-25,29
45,2022-07-02,15
45,2022-07-09,15
45,2022-07-16,9
45,2022-07-23,17
45,2022-07-30,20
45,2022-08-06,11
45,2022-08-13,13
45,2022-08-20,6
45,2022-08-27,10
45,2022-09-03,14
45,2022-09-10,8
45,2022-09-17,8
45,2022-09-24,18
45,2022-10-01,18
45,2022-10-08,38
45,2022-10-15,37
45,2022-10-22,88
45,2022-10-29,163
45,2022-11-05,258
45,2022-11-12,254
45,2022-11-19,215
45,2022-11-26,233
45,2022-12-03,223
45,2022-12-10,163
45,2022-12-17,137
45,2022-12-24,128
45,2022-12-31,164
46,2021-01-02,0
46,2021-01-09,1
46,2021-01-16,0
46,2021-01-23,5
46,2021-01-30,0
46,2021-02-06,0
46,2021-02-13,2
46,2021-02-20,2
46,2021-02-27,0
46,2021-03-06,0
46,2021-03-13,0
46,2021-03-20,0
46,2021-03-27,5
46,2021-04-03,0
46,2021-04-10,0
46,2021-04-17,1
46,2021-04-24,6
46,2021-05-01,3
46,2021-05-08,3
46,2021-05-15,1
46,2021-05-22,0
46,2021-05-29,2
46,2021-06-05,0
46,2021-06-12,9
46,2021-06-19,4
46,2021-06-26,2
46,2021-07-03,2
46,2021-07-10,4
46,2021-07-17,2
46,2021-07-24,1
46,2021-07-31,1
46,2021-08-07,0
46,2021-08-14,2
46,2021-08-21,5
46,2021-08-28,1
46,2021-09-04,1
46,2021-09-11,1
46,2021-09-18,0
46,2021-09-25,0
46,2021-10-02,2
46,2021-10-09,2
46,2021-10-16,0
46,2021-10-23,2
46,2021-10-30,0
46,2021-11-06,0
46,2021-11-13,0
46,2021-11-20,3
46,2021-11-27,2
46,2021-12-04,6
46,2021-12-11,9
46,2021-12-18,2
46,2021-12-25,27
46,2022-01-01,30
46,2022-01-08,22
46,2022-01-15,26
46,2022-01-22,18
46,2022-01-29,11
46,2022-02-05,10
46,2022-02-12,19
46,2022-02-19,14
46,2022-02-26,15
46,2022-03-05,34
46,2022-03-12,15
46,2022-03-19,10
46,2022-03-26,5
46,2022-04-02,9
46,2022-04-09,10
46,2022-04-16,4
46,2022-04-23,7
46,2022-04-30,8
46,2022-05-07,4
46,2022-05-14,10
46,2022-05-21,6
46,2022-05-28,3
46,2022-06-04,1
46,2022-06-11,1
46,2022-06-18,2
46,2022-06-25,3
46,2022-07-02,1
46,2022-07-09,0
46,2022-07-16,0
46,2022-07-23,8
46,2022-07-30,9
46,2022-08-06,5
46,2022-08-13,7
46,2022-08-20,8
46,2022-08-27,6
46,2022-09-03,7
46,2022-09-10,7
46,2022-09-17,7
46,2022-09-24,7
46,2022-10-01,10
46,2022-10-08,10
46,2022-10-15,13
46,2022-10-22,12
46,2022-10-29,9
46,2022-11-05,9
46,2022-11-12,13
46,2022-11-19,28
46,2022-11-26,63
46,2022-12-03,70
46,2022-12-10,85
46,2022-12-17,105
46,2022-12-24,71
46,2022-12-31,57
47,2021-01-02,30
47,2021-01-09,22
47,2021-01-16,27
47,2021-01-23,25
47,2021-01-30,32
47,2021-02-06,43
47,2021-02-13,32
47,2021-02-20,15
47,2021-02-27,12
47,2021-03-06,23
47,2021-03-13,24
47,2021-03-20,23
47,2021-03-27,23
47,2021-04-03,23
47,2021-04-10,19
47,2021-04-17,25
47,2021-04-24,17
47,2021-05-01,13
47,2021-05-08,13
47,2021-05-15,25
47,2021-05-22,7
47,2021-05-29,6
47,2021-06-05,25
47,2021-06-12,6
47,2021-06-19,6
47,2021-06-26,5
47,2021-07-03,1
47,2021-07-10,3
47,2021-07-17,7
47,2021-07-24,1
47,2021-07-31,5
47,2021-08-07,4
47,2021-08-14,9
47,2021-08-21,3
47,2021-08-28,6
47,2021-09-04,8
47,2021-09-11,2
47,2021-09-18,6
47,2021-09-25,3
47,2021-10-02,4
47,2021-10-09,11
47,2021-10-16,7
47,2021-10-23,11
47,2021-10-30,9
47,2021-11-06,14
47,2021-11-13,16
47,2021-11-20,13
47,2021-11-27,20
47,2021-12-04,25
47,2021-12-11,38
47,2021-12-18,49
47,2021-12-25,58
47,2022-01-01,84
47,2022-01-08,67
47,2022-01-15,41
47,2022-01-22,27
47,2022-01-29,28
47,2022-02-05,38
47,2022-02-12,24
47,2022-02-19,29
47,2022-02-26,47
47,2022-03-05,33
47,2022-03-12,32
47,2022-03-19,40
47,2022-03-26,45
47,2022-04-02,48
47,2022-04-09,36
47,2022-04-16,45
47,2022-04-23,39
47,2022-04-30,46
47,2022-05-07,23
47,2022-05-14,33
47,2022-05-21,24
47,2022-05-28,22
47,2022-06-04,22
47,2022-06-11,22
47,2022-06-18,27
47,2022-06-25,22
47,2022-07-02,27
47,2022-07-09,12
47,2022-07-16,11
47,2022-07-23,15
47,2022-07-30,20
47,2022-08-06,47
47,2022-08-13,16
47,2022-08-20,15
47,2022-08-27,16
47,2022-09-03,17
47,2022-09-10,24
47,2022-09-17,20
47,2022-09-24,35
47,2022-10-01,41
47,2022-10-08,41
47,2022-10-15,65
47,2022-10-22,94
47,2022-10-29,130
47,2022-11-05,261
47,2022-11-12,317
47,2022-11-19,300
47,2022-11-26,534
47,2022-12-03,660
47,2022-12-10,462
47,2022-12-17,257
47,2022-12-24,234
47,2022-12-31,266
48,2021-01-02,180
48,2021-01-09,80
48,2021-01-16,102
48,2021-01-23,99
48,2021-01-30,109
48,2021-02-06,77
48,2021-02-13,76
48,2021-02-20,62
48,2021-02-27,80
48,2021-03-06,36
48,2021-03-13,79
48,2021-03-20,34
48,2021-03-27,33
48,2021-04-03,34
48,2021-04-10,32
48,2021-04-17,25
48,2021-04-24,34
48,2021-05-01,30
48,2021-05-08,26
48,2021-05-15,29
48,2021-05-22,29
48,2021-05-29,26
48,2021-06-05,32
48,2021-06-12,28
48,2021-06-19,30
48,2021-06-26,43
48,2021-07-03,58
48,2021-07-10,85
48,2021-07-17,97
48,2021-07-24,96
48,2021-07-31,54
48,2021-08-07,41
48,2021-08-14,29
48,2021-08-21,34
48,2021-08-28,27
48,2021-09-04,35
48,2021-09-11,33
48,2021-09-18,33
48,2021-09-25,35
48,2021-10-02,42
48,2021-10-09,44
48,2021-10-16,38
48,2021-10-23,34
48,2021-10-30,28
48,2021-11-06,45
48,2021-11-13,64
48,2021-11-20,50
48,2021-11-27,45
48,2021-12-04,55
48,2021-12-11,74
48,2021-12-18,90
48,2021-12-25,93
48,2022-01-01,107
48,2022-01-08,118
48,2022-01-15,83
48,2022-01-22,99
48,2022-01-29,92
48,2022-02-05,118
48,2022-02-12,173
48,2022-02-19,284
48,2022-02-26,347
48,2022-03-05,345
48,2022-03-12,453
48,2022-03-19,663
48,2022-03-26,630
48,2022-04-02,507
48,2022-04-09,357
48,2022-04-16,351
48,2022-04-23,337
48,2022-04-30,191
48,2022-05-07,165
48,2022-05-14,156
48,2022-05-21,149
48,2022-05-28,138
48,2022-06-04,125
48,2022-06-11,100
48,2022-06-18,140
48,2022-06-25,120
48,2022-07-02,94
48,2022-07-09,78
48,2022-07-16,114
48,2022-07-23,99
48,2022-07-30,87
48,2022-08-06,83
48,2022-08-13,92
48,2022-08-20,107
48,2022-08-27,111
48,2022-09-03,83
48,2022-09-10,121
48,2022-09-17,122
48,2022-09-24,128
48,2022-10-01,137
48,2022-10-08,239
48,2022-10-15,329
48,2022-10-22,509
48,2022-10-29,744
48,2022-11-05,984
48,2022-11-12,1129
48,2022-11-19,1230
48,2022-11-26,1929
48,2022-12-03,2139
48,2022-12-10,1781
48,2022-12-17,1462
48,2022-12-24,1215
48,2022-12-31,1446
49,2021-01-02,1
49,2021-01-09,0
49,2021-01-16,1
49,2021-01-23,0
49,2021-01-30,0
49,2021-02-06,0
49,2021-02-13,5
49,2021-02-20,5
49,2021-02-27,0
49,2021-03-06,0
49,2021-03-13,0
49,2021-03-20,0
49,2021-03-27,1
49,2021-04-03,0
49,2021-04-10,0
49,2021-04-17,0
49,2021-04-24,0
49,2021-05-01,1
49,2021-05-08,0
49,2021-05-15,6
49,2021-05-22,0
49,2021-05-29,0
49,2021-06-05,0
49,2021-06-12,0
49,2021-06-19,5
49,2021-06-26,0
49,2021-07-03,2
49,2021-07-10,0
49,2021-07-17,1
49,2021-07-24,1
49,2021-07-31,1
49,2021-08-07,2
49,2021-08-14,1
49,2021-08-21,0
49,2021-08-28,3
49,2021-09-04,2
49,2021-09-11,1
49,2021-09-18,1
49,2021-09-25,2
49,2021-10-02,2
49,2021-10-09,2
49,2021-10-16,2
49,2021-10-23,3
49,2021-10-30,0
49,2021-11-06,0
49,2021-11-13,2
49,2021-11-20,1
49,2021-11-27,0
49,2021-12-04,5
49,2021-12-11,2
49,2021-12-18,4
49,2021-12-25,7
49,2022-01-01,6
49,2022-01-08,2
49,2022-01-15,2
49,2022-01-22,5
49,2022-01-29,6
49,2022-02-05,6
49,2022-02-12,4
49,2022-02-19,6
49,2022-02-26,6
49,2022-03-05,12
49,2022-03-12,14
49,2022-03-19,18
49,2022-03-26,8
49,2022-04-02,18
49,2022-04-09,13
49,2022-04-16,17
49,2022-04-23,8
49,2022-04-30,3
49,2022-05-07,17
49,2022-05-14,11
49,2022-05-21,7
49,2022-05-28,1
49,2022-06-04,5
49,2022-06-11,3
49,2022-06-18,2
49,2022-06-25,6
49,2022-07-02,5
49,2022-07-09,0
49,2022-07-16,0
49,2022-07-23,0
49,2022-07-30,1
49,2022-08-06,1
49,2022-08-13,2
49,2022-08-20,1
49,2022-08-27,0
49,2022-09-03,1
49,2022-09-10,1
49,2022-09-17,0
49,2022-09-24,1
49,2022-10-01,0
49,2022-10-08,2
49,2022-10-15,1
49,2022-10-22,8
49,2022-10-29,11
49,2022-11-05,5
49,2022-11-12,14
49,2022-11-19,8
49,2022-11-26,29
49,2022-12-03,36
49,2022-12-10,64
49,2022-12-17,41
49,2022-12-24,62
49,2022-12-31,90
50,2021-01-02,0
50,2021-01-09,0
50,2021-01-16,0
50,2021-01-23,0
50,2021-01-30,0
50,2021-02-06,1
50,2021-02-13,0
50,2021-02-20,0
50,2021-02-27,0
50,2021-03-06,0
50,2021-03-13,0
50,2021-03-20,0
50,2021-03-27,0
50,2021-04-03,1
50,2021-04-10,0
50,2021-04-17,0
50,2021-04-24,0
50,2021-05-01,0
50,2021-05-08,0
50,2021-05-15,0
50,2021-05-22,0
50,2021-05-29,0
50,2021-06-05,0
50,2021-06-12,0
50,2021-06-19,0
50,2021-06-26,0
50,2021-07-03,0
50,2021-07-10,0
50,2021-07-17,0
50,2021-07-24,0
50,2021-07-31,0
50,2021-08-07,0
50,2021-08-14,0
50,2021-08-21,0
50,2021-08-28,2
50,2021-09-04,0
50,2021-09-11,0
50,2021-09-18,0
50,2021-09-25,0
50,2021-10-02,0
50,2021-10-09,0
50,2021-10-16,0
50,2021-10-23,0
50,2021-10-30,0
50,2021-11-06,0
50,2021-11-13,0
50,2021-11-20,0
50,2021-11-27,0
50,2021-12-04,1
50,2021-12-11,0
50,2021-12-18,0
50,2021-12-25,1
50,2022-01-01,0
50,2022-01-08,0
50,2022-01-15,1
50,2022-01-22,0
50,2022-01-29,0
50,2022-02-05,0
50,2022-02-12,0
50,2022-02-19,0
50,2022-02-26,1
50,2022-03-05,0
50,2022-03-12,0
50,2022-03-19,0
50,2022-03-26,8
50,2022-04-02,6
50,2022-04-09,12
50,2022-04-16,8
50,2022-04-23,8
50,2022-04-30,6
50,2022-05-07,7
50,2022-05-14,3
50,2022-05-21,0
50,2022-05-28,2
50,2022-06-04,0
50,2022-06-11,3
50,2022-06-18,2
50,2022-06-25,0
50,2022-07-02,3
50,2022-07-09,1
50,2022-07-16,1
50,2022-07-23,0
50,2022-07-30,0
50,2022-08-06,0
50,2022-08-13,0
50,2022-08-20,0
50,2022-08-27,0
50,2022-09-03,1
50,2022-09-10,0
50,2022-09-17,0
50,2022-09-24,0
50,2022-10-01,0
50,2022-10-08,1
50,2022-10-15,1
50,2022-10-22,0
50,2022-10-29,1
50,2022-11-05,1
50,2022-11-12,0
50,2022-11-19,2
50,2022-11-26,15
50,2022-12-03,34
50,2022-12-10,45
50,2022-12-17,66
50,2022-12-24,66
50,2022-12-31,76
51,2021-01-02,36
51,2021-01-09,40
51,2021-01-16,59
51,2021-01-23,49
51,2021-01-30,28
51,2021-02-06,26
51,2021-02-13,34
51,2021-02-20,39
51,2021-02-27,28
51,2021-03-06,49
51,2021-03-13,9
51,2021-03-20,25
51,2021-03-27,29
51,2021-04-03,18
51,2021-04-10,40
51,2021-04-17,26
51,2021-04-24,57
51,2021-05-01,30
51,2021-05-08,25
51,2021-05-15,21
51,2021-05-22,11
51,2021-05-29,27
51,2021-06-05,17
51,2021-06-12,28
51,2021-06-19,20
51,2021-06-26,22
51,2021-07-03,14
51,2021-07-10,22
51,2021-07-17,20
51,2021-07-24,24
51,2021-07-31,22
51,2021-08-07,21
51,2021-08-14,27
51,2021-08-21,22
51,2021-08-28,8
51,2021-09-04,15
51,2021-09-11,17
51,2021-09-18,23
51,2021-09-25,14
51,2021-10-02,10
51,2021-10-09,12
51,2021-10-16,16
51,2021-10-23,23
51,2021-10-30,11
51,2021-11-06,17
51,2021-11-13,17
51,2021-11-20,23
51,2021-11-27,33
51,2021-12-04,39
51,2021-12-11,43
51,2021-12-18,49
51,2021-12-25,44
51,2022-01-01,56
51,2022-01-08,53
51,2022-01-15,50
51,2022-01-22,54
51,2022-01-29,50
51,2022-02-05,47
51,2022-02-12,39
51,2022-02-19,37
51,2022-02-26,41
51,2022-03-05,38
51,2022-03-12,33
51,2022-03-19,37
51,2022-03-26,44
51,2022-04-02,45
51,2022-04-09,46
51,2022-04-16,56
51,2022-04-23,51
51,2022-04-30,66
51,2022-05-07,47
51,2022-05-14,47
51,2022-05-21,42
51,2022-05-28,39
51,2022-06-04,48
51,2022-06-11,40
51,2022-06-18,42
51,2022-06-25,37
51,2022-07-02,47
51,2022-07-09,25
51,2022-07-16,28
51,2022-07-23,40
51,2022-07-30,29
51,2022-08-06,25
51,2022-08-13,33
51,2022-08-20,21
51,2022-08-27,24
51,2022-09-03,29
51,2022-09-10,20
51,2022-09-17,27
51,2022-09-24,18
51,2022-10-01,30
51,2022-10-08,50
51,2022-10-15,52
51,2022-10-22,89
51,2022-10-29,186
51,2022-11-05,315
51,2022-11-12,339
51,2022-11-19,273
51,2022-11-26,440
51,2022-12-03,469
51,2022-12-10,338
51,2022-12-17,282
51,2022-12-24,264
51,2022-12-31,255
53,2021-01-02,0
53,2021-01-09,2
53,2021-01-16,0
53,2021-01-23,0
53,2021-01-30,0
53,2021-02-06,0
53,2021-02-13,1
53,2021-02-20,2
53,2021-02-27,3
53,2021-03-06,5
53,2021-03-13,1
53,2021-03-20,3
53,2021-03-27,1
53,2021-04-03,1
53,2021-04-10,1
53,2021-04-17,0
53,2021-04-24,2
53,2021-05-01,1
53,2021-05-08,1
53,2021-05-15,7
53,2021-05-22,1
53,2021-05-29,0
53,2021-06-05,0
53,2021-06-12,0
53,2021-06-19,0
53,2021-06-26,0
53,2021-07-03,0
53,2021-07-10,0
53,2021-07-17,0
53,2021-07-24,1
53,2021-07-31,0
53,2021-08-07,1
53,2021-08-14,0
53,2021-08-21,1
53,2021-08-28,0
53,2021-09-04,0
53,2021-09-11,0
53,2021-09-18,1
53,2021-09-25,0
53,2021-10-02,3
53,2021-10-09,0
53,2021-10-16,0
53,2021-10-23,0
53,2021-10-30,3
53,2021-11-06,0
53,2021-11-13,0
53,2021-11-20,1
53,2021-11-27,0
53,2021-12-04,1
53,2021-12-11,1
53,2021-12-18,0
53,2021-12-25,5
53,2022-01-01,5
53,2022-01-08,0
53,2022-01-15,6
53,2022-01-22,4
53,2022-01-29,4
53,2022-02-05,6
53,2022-02-12,8
53,2022-02-19,5
53,2022-02-26,7
53,2022-03-05,12
53,2022-03-12,14
53,2022-03-19,19
53,2022-03-26,25
53,2022-04-02,19
53,2022-04-09,26
53,2022-04-16,37
53,2022-04-23,35
53,2022-04-30,41
53,2022-05-07,58
53,2022-05-14,54
53,2022-05-21,65
53,2022-05-28,57
53,2022-06-04,64
53,2022-06-11,59
53,2022-06-18,46
53,2022-06-25,67
53,2022-07-02,50
53,2022-07-09,27
53,2022-07-16,30
53,2022-07-23,23
53,2022-07-30,15
53,2022-08-06,17
53,2022-08-13,13
53,2022-08-20,12
53,2022-08-27,7
53,2022-09-03,8
53,2022-09-10,10
53,2022-09-17,15
53,2022-09-24,10
53,2022-10-01,8
53,2022-10-08,17
53,2022-10-15,17
53,2022-10-22,20
53,2022-10-29,35
53,2022-11-05,42
53,2022-11-12,105
53,2022-11-19,270
53,2022-11-26,605
53,2022-12-03,716
53,2022-12-10,707
53,2022-12-17,709
53,2022-12-24,387
53,2022-12-31,380
54,2021-01-02,7
54,2021-01-09,21
54,2021-01-16,0
54,2021-01-23,0
54,2021-01-30,5
54,2021-02-06,5
54,2021-02-13,5
54,2021-02-20,5
54,2021-02-27,5
54,2021-03-06,6
54,2021-03-13,0
54,2021-03-20,0
54,2021-03-27,0
54,2021-04-03,0
54,2021-04-10,15
54,2021-04-17,0
54,2021-04-24,1
54,2021-05-01,5
54,2021-05-08,1
54,2021-05-15,2
54,2021-05-22,6
54,2021-05-29,5
54,2021-06-05,0
54,2021-06-12,0
54,2021-06-19,5
54,2021-06-26,0
54,2021-07-03,0
54,2021-07-10,0
54,2021-07-17,6
54,2021-07-24,1
54,2021-07-31,1
54,2021-08-07,2
54,2021-08-14,4
54,2021-08-21,2
54,2021-08-28,2
54,2021-09-04,4
54,2021-09-11,3
54,2021-09-18,2
54,2021-09-25,4
54,2021-10-02,3
54,2021-10-09,10
54,2021-10-16,1
54,2021-10-23,4
54,2021-10-30,0
54,2021-11-06,4
54,2021-11-13,6
54,2021-11-20,5
54,2021-11-27,6
54,2021-12-04,12
54,2021-12-11,13
54,2021-12-18,7
54,2021-12-25,25
54,2022-01-01,19
54,2022-01-08,15
54,2022-01-15,5
54,2022-01-22,13
54,2022-01-29,8
54,2022-02-05,9
54,2022-02-12,5
54,2022-02-19,12
54,2022-02-26,17
54,2022-03-05,30
54,2022-03-12,27
54,2022-03-19,48
54,2022-03-26,21
54,2022-04-02,44
54,2022-04-09,42
54,2022-04-16,49
54,2022-04-23,41
54,2022-04-30,38
54,2022-05-07,23
54,2022-05-14,23
54,2022-05-21,14
54,2022-05-28,8
54,2022-06-04,6
54,2022-06-11,15
54,2022-06-18,7
54,2022-06-25,6
54,2022-07-02,4
54,2022-07-09,7
54,2022-07-16,8
54,2022-07-23,4
54,2022-07-30,1
54,2022-08-06,9
54,2022-08-13,1
54,2022-08-20,2
54,2022-08-27,4
54,2022-09-03,1
54,2022-09-10,0
54,2022-09-17,1
54,2022-09-24,1
54,2022-10-01,1
54,2022-10-08,5
54,2022-10-15,12
54,2022-10-22,23
54,2022-10-29,66
54,2022-11-05,84
54,2022-11-12,130
54,2022-11-19,135
54,2022-11-26,209
54,2022-12-03,320
54,2022-12-10,236
54,2022-12-17,194
54,2022-12-24,147
54,2022-12-31,184
55,2021-01-02,0
55,2021-01-09,0
55,2021-01-16,1
55,2021-01-23,0
55,2021-01-30,4
55,2021-02-06,5
55,2021-02-13,0
55,2021-02-20,12
55,2021-02-27,2
55,2021-03-06,1
55,2021-03-13,1
55,2021-03-20,2
55,2021-03-27,1
55,2021-04-03,1
55,2021-04-10,0
55,2021-04-17,0
55,2021-04-24,1
55,2021-05-01,4
55,2021-05-08,0
55,2021-05-15,1
55,2021-05-22,0
55,2021-05-29,4
55,2021-06-05,1
55,2021-06-12,1
55,2021-06-19,0
55,2021-06-26,0
55,2021-07-03,0
55,2021-07-10,0
55,2021-07-17,0
55,2021-07-24,0
55,2021-07-31,1
55,2021-08-07,1
55,2021-08-14,0
55,2021-08-21,0
55,2021-08-28,0
55,2021-09-04,1
55,2021-09-11,0
55,2021-09-18,2
55,2021-09-25,12
55,2021-10-02,1
55,2021-10-09,5
55,2021-10-16,2
55,2021-10-23,10
55,2021-10-30,2
55,2021-11-06,1
55,2021-11-13,4
55,2021-11-20,6
55,2021-11-27,7
55,2021-12-04,17
55,2021-12-11,6
55,2021-12-18,24
55,2021-12-25,48
55,2022-01-01,99
55,2022-01-08,58
55,2022-01-15,34
55,2022-01-22,20
55,2022-01-29,22
55,2022-02-05,31
55,2022-02-12,28
55,2022-02-19,29
55,2022-02-26,27
55,2022-03-05,64
55,2022-03-12,46
55,2022-03-19,50
55,2022-03-26,58
55,2022-04-02,55
55,2022-04-09,50
55,2022-04-16,69
55,2022-04-23,51
55,2022-04-30,65
55,2022-05-07,46
55,2022-05-14,36
55,2022-05-21,28
55,2022-05-28,24
55,2022-06-04,14
55,2022-06-11,15
55,2022-06-18,8
55,2022-06-25,8
55,2022-07-02,7
55,2022-07-09,2
55,2022-07-16,1
55,2022-07-23,0
55,2022-07-30,3
55,2022-08-06,5
55,2022-08-13,1
55,2022-08-20,1
55,2022-08-27,3
55,2022-09-03,2
55,2022-09-10,0
55,2022-09-17,0
55,2022-09-24,4
55,2022-10-01,1
55,2022-10-08,1
55,2022-10-15,6
55,2022-10-22,8
55,2022-10-29,17
55,2022-11-05,34
55,2022-11-12,50
55,2022-11-19,109
55,2022-11-26,255
55,2022-12-03,474
55,2022-12-10,478
55,2022-12-17,496
55,2022-12-24,442
55,2022-12-31,476
56,2021-01-02,0
56,2021-01-09,0
56,2021-01-16,12
56,2021-01-23,0
56,2021-01-30,0
56,2021-02-06,0
56,2021-02-13,0
56,2021-02-20,0
56,2021-02-27,0
56,2021-03-06,0
56,2021-03-13,1
56,2021-03-20,1
56,2021-03-27,3
56,2021-04-03,0
56,2021-04-10,0
56,2021-04-17,0
56,2021-04-24,0
56,2021-05-01,0
56,2021-05-08,1
56,2021-05-15,0
56,2021-05-22,2
56,2021-05-29,0
56,2021-06-05,0
56,2021-06-12,10
56,2021-06-19,2
56,2021-06-26,0
56,2021-07-03,0
56,2021-07-10,0
56,2021-07-17,0
56,2021-07-24,0
56,2021-07-31,0
56,2021-08-07,0
56,2021-08-14,0
56,2021-08-21,0
56,2021-08-28,0
56,2021-09-04,0
56,2021-09-11,0
56,2021-09-18,0
56,2021-09-25,0
56,2021-10-02,0
56,2021-10-09,0
56,2021-10-16,0
56,2021-10-23,0
56,2021-10-30,0
56,2021-11-06,0
56,2021-11-13,3
56,2021-11-20,2
56,2021-11-27,2
56,2021-12-04,3
56,2021-12-11,1
56,2021-12-18,1
56,2021-12-25,4
56,2022-01-01,20
56,2022-01-08,10
56,2022-01-15,2
56,2022-01-22,9
56,2022-01-29,1
56,2022-02-05,1
56,2022-02-12,2
56,2022-02-19,2
56,2022-02-26,5
56,2022-03-05,5
56,2022-03-12,4
56,2022-03-19,4
56,2022-03-26,6
56,2022-04-02,4
56,2022-04-09,8
56,2022-04-16,8
56,2022-04-23,1
56,2022-04-30,5
56,2022-05-07,6
56,2022-05-14,4
56,2022-05-21,4
56,2022-05-28,6
56,2022-06-04,9
56,2022-06-11,6
56,2022-06-18,3
56,2022-06-25,0
56,2022-07-02,2
56,2022-07-09,2
56,2022-07-16,2
56,2022-07-23,0
56,2022-07-30,2
56,2022-08-06,0
56,2022-08-13,0
56,2022-08-20,0
56,2022-08-27,0
56,2022-09-03,0
56,2022-09-10,0
56,2022-09-17,0
56,2022-09-24,0
56,2022-10-01,0
56,2022-10-08,1
56,2022-10-15,3
56,2022-10-22,1
56,2022-10-29,5
56,2022-11-05,8
56,2022-11-12,13
56,2022-11-19,47
56,2022-11-26,45
56,2022-12-03,73
56,2022-12-10,52
56,2022-12-17,32
56,2022-12-24,50
56,2022-12-31,50
60,2021-08-28,0
60,2021-09-04,0
60,2021-09-11,0
60,2021-09-18,0
60,2021-09-25,0
60,2021-10-02,0
60,2021-10-09,0
60,2021-10-16,0
60,2021-10-23,0
60,2021-10-30,0
60,2021-11-06,0
60,2021-11-13,0
60,2021-11-20,0
60,2021-11-27,0
60,2021-12-04,0
60,2021-12-11,0
60,2021-12-18,0
60,2021-12-25,0
60,2022-01-01,0
60,2022-01-08,0
60,2022-01-15,0
60,2022-01-22,0
60,2022-01-29,NA
60,2022-02-05,0
60,2022-02-12,0
60,2022-02-19,0
60,2022-02-26,0
60,2022-03-05,0
60,2022-03-12,0
60,2022-03-19,0
60,2022-03-26,0
60,2022-04-02,0
60,2022-04-09,0
60,2022-04-16,0
60,2022-04-23,0
60,2022-04-30,0
60,2022-05-07,0
60,2022-05-14,0
60,2022-05-21,0
60,2022-05-28,0
60,2022-06-04,0
60,2022-06-11,0
60,2022-06-18,0
60,2022-06-25,0
60,2022-07-02,0
60,2022-07-09,0
60,2022-07-16,0
60,2022-07-23,0
60,2022-07-30,1
60,2022-08-06,0
60,2022-08-13,0
60,2022-08-20,0
60,2022-08-27,0
60,2022-09-03,0
60,2022-09-10,0
60,2022-09-17,0
60,2022-09-24,0
60,2022-10-01,0
60,2022-10-08,0
60,2022-10-15,0
60,2022-10-22,0
60,2022-10-29,0
60,2022-11-05,0
60,2022-11-12,0
60,2022-11-19,0
60,2022-11-26,0
60,2022-12-03,0
60,2022-12-10,0
60,2022-12-17,0
60,2022-12-24,0
60,2022-12-31,0
72,2021-01-02,5
72,2021-01-09,12
72,2021-01-16,10
72,2021-01-23,8
72,2021-01-30,16
72,2021-02-06,13
72,2021-02-13,4
72,2021-02-20,12
72,2021-02-27,5
72,2021-03-06,18
72,2021-03-13,18
72,2021-03-20,19
72,2021-03-27,17
72,2021-04-03,8
72,2021-04-10,16
72,2021-04-17,14
72,2021-04-24,15
72,2021-05-01,29
72,2021-05-08,18
72,2021-05-15,12
72,2021-05-22,17
72,2021-05-29,6
72,2021-06-05,10
72,2021-06-12,11
72,2021-06-19,19
72,2021-06-26,19
72,2021-07-03,19
72,2021-07-10,27
72,2021-07-17,16
72,2021-07-24,18
72,2021-07-31,18
72,2021-08-07,25
72,2021-08-14,27
72,2021-08-21,25
72,2021-08-28,35
72,2021-09-04,23
72,2021-09-11,24
72,2021-09-18,28
72,2021-09-25,20
72,2021-10-02,31
72,2021-10-09,27
72,2021-10-16,21
72,2021-10-23,22
72,2021-10-30,13
72,2021-11-06,31
72,2021-11-13,29
72,2021-11-20,22
72,2021-11-27,37
72,2021-12-04,27
72,2021-12-11,22
72,2021-12-18,23
72,2021-12-25,23
72,2022-01-01,15
72,2022-01-08,22
72,2022-01-15,19
72,2022-01-22,18
72,2022-01-29,13
72,2022-02-05,7
72,2022-02-12,19
72,2022-02-19,9
72,2022-02-26,5
72,2022-03-05,11
72,2022-03-12,23
72,2022-03-19,22
72,2022-03-26,39
72,2022-04-02,38
72,2022-04-09,40
72,2022-04-16,77
72,2022-04-23,118
72,2022-04-30,46
72,2022-05-07,31
72,2022-05-14,36
72,2022-05-21,25
72,2022-05-28,26
72,2022-06-04,26
72,2022-06-11,17
72,2022-06-18,35
72,2022-06-25,14
72,2022-07-02,28
72,2022-07-09,20
72,2022-07-16,12
72,2022-07-23,17
72,2022-07-30,16
72,2022-08-06,16
72,2022-08-13,22
72,2022-08-20,15
72,2022-08-27,23
72,2022-09-03,29
72,2022-09-10,39
72,2022-09-17,49
72,2022-09-24,50
72,2022-10-01,41
72,2022-10-08,41
72,2022-10-15,56
72,2022-10-22,54
72,2022-10-29,76
72,2022-11-05,106
72,2022-11-12,97
72,2022-11-19,91
72,2022-11-26,97
72,2022-12-03,87
72,2022-12-10,88
72,2022-12-17,92
72,2022-12-24,103
72,2022-12-31,58
78,2021-01-02,2
78,2021-01-09,0
78,2021-01-16,0
78,2021-01-23,0
78,2021-01-30,0
78,2021-02-06,0
78,2021-02-13,0
78,2021-02-20,0
78,2021-02-27,0
78,2021-03-06,0
78,2021-03-13,0
78,2021-03-20,0
78,2021-03-27,0
78,2021-04-03,0
78,2021-04-10,0
78,2021-04-17,0
78,2021-04-24,0
78,2021-05-01,0
78,2021-05-08,0
78,2021-05-15,0
78,2021-05-22,0
78,2021-05-29,0
78,2021-06-05,0
78,2021-06-12,0
78,2021-06-19,0
78,2021-06-26,0
78,2021-07-03,0
78,2021-07-10,0
78,2021-07-17,0
78,2021-07-24,0
78,2021-07-31,0
78,2021-08-07,0
78,2021-08-14,0
78,2021-08-21,0
78,2021-08-28,0
78,2021-09-04,0
78,2021-09-11,0
78,2021-09-18,0
78,2021-09-25,0
78,2021-10-02,0
78,2021-10-09,0
78,2021-10-16,0
78,2021-10-23,0
78,2021-10-30,0
78,2021-11-06,0
78,2021-11-13,0
78,2021-11-20,0
78,2021-11-27,0
78,2021-12-04,0
78,2021-12-11,0
78,2021-12-18,0
78,2021-12-25,0
78,2022-01-01,0
78,2022-01-08,0
78,2022-01-15,0
78,2022-01-22,0
78,2022-01-29,0
78,2022-02-05,0
78,2022-02-12,0
78,2022-02-19,0
78,2022-02-26,0
78,2022-03-05,0
78,2022-03-12,0
78,2022-03-19,0
78,2022-03-26,0
78,2022-04-02,0
78,2022-04-09,0
78,2022-04-16,0
78,2022-04-23,0
78,2022-04-30,0
78,2022-05-07,0
78,2022-05-14,0
78,2022-05-21,0
78,2022-05-28,0
78,2022-06-04,0
78,2022-06-11,0
78,2022-06-18,0
78,2022-06-25,0
78,2022-07-02,0
78,2022-07-09,0
78,2022-07-16,0
78,2022-07-23,0
78,2022-07-30,0
78,2022-08-06,0
78,2022-08-13,0
78,2022-08-20,0
78,2022-08-27,0
78,2022-09-03,0
78,2022-09-10,0
78,2022-09-17,0
78,2022-09-24,0
78,2022-10-01,0
78,2022-10-08,0
78,2022-10-15,0
78,2022-10-22,0
78,2022-10-29,0
78,2022-11-05,0
78,2022-11-12,0
78,2022-11-19,0
78,2022-11-26,0
78,2022-12-03,0
78,2022-12-10,0
78,2022-12-17,0
78,2022-12-24,0
78,2022-12-31,0
US,2021-01-02,738
US,2021-01-09,665
US,2021-01-16,660
US,2021-01-23,545
US,2021-01-30,593
US,2021-02-06,516
US,2021-02-13,482
US,2021-02-20,481
US,2021-02-27,498
US,2021-03-06,466
US,2021-03-13,425
US,2021-03-20,416
US,2021-03-27,385
US,2021-04-03,369
US,2021-04-10,442
US,2021-04-17,417
US,2021-04-24,493
US,2021-05-01,425
US,2021-05-08,344
US,2021-05-15,321
US,2021-05-22,301
US,2021-05-29,295
US,2021-06-05,286
US,2021-06-12,276
US,2021-06-19,262
US,2021-06-26,NA
US,2021-07-03,NA
US,2021-07-10,NA
US,2021-07-17,NA
US,2021-07-24,NA
US,2021-07-31,356
US,2021-08-07,NA
US,2021-08-14,NA
US,2021-08-21,NA
US,2021-08-28,NA
US,2021-09-04,NA
US,2021-09-11,NA
US,2021-09-18,NA
US,2021-09-25,NA
US,2021-10-02,NA
US,2021-10-09,NA
US,2021-10-16,368
US,2021-10-23,NA
US,2021-10-30,361
US,2021-11-06,410
US,2021-11-13,499
US,2021-11-20,521
US,2021-11-27,643
US,2021-12-04,1013
US,2021-12-11,1223
US,2021-12-18,1475
US,2021-12-25,1981
US,2022-01-01,2771
US,2022-01-08,1992
US,2022-01-15,1651
US,2022-01-22,1134
US,2022-01-29,NA
US,2022-02-05,1137
US,2022-02-12,1256
US,2022-02-19,1573
US,2022-02-26,1666
US,2022-03-05,1942
US,2022-03-12,2247
US,2022-03-19,2878
US,2022-03-26,3008
US,2022-04-02,3182
US,2022-04-09,3331
US,2022-04-16,3415
US,2022-04-23,3646
US,2022-04-30,3251
US,2022-05-07,3226
US,2022-05-14,3300
US,2022-05-21,3170
US,2022-05-28,2800
US,2022-06-04,2759
US,2022-06-11,2224
US,2022-06-18,1861
US,2022-06-25,1432
US,2022-07-02,1133
US,2022-07-09,875
US,2022-07-16,841
US,2022-07-23,700
US,2022-07-30,610
US,2022-08-06,630
US,2022-08-13,562
US,2022-08-20,573
US,2022-08-27,595
US,2022-09-03,603
US,2022-09-10,623
US,2022-09-17,644
US,2022-09-24,742
US,2022-10-01,896
US,2022-10-08,1331
US,2022-10-15,1694
US,2022-10-22,2380
US,2022-10-29,4353
US,2022-11-05,6571
US,2022-11-12,8848
US,2022-11-19,11427
US,2022-11-26,19846
US,2022-12-03,26333
US,2022-12-10,23851
US,2022-12-17,21405
US,2022-12-24,19080
US,2022-12-31,19196
